h,grupo_ingreso,n_pares,pct_cambia_hacinamiento_nbi,pct_cambia_hacinamiento_para_dormir,pct_cambia_calidad_materiales_deficitaria,pct_cambia_condiciones_sanitarias_deficitarias,pct_cambia_entorno_deficitario,pct_cambia_ancla_con_deficit
1,Q1,112015,1.1,1.8,0.0,0.0,0.0,1.0
1,Q2,106632,0.4,1.0,0.0,0.0,0.0,0.4
1,Q3,100238,0.2,0.6,0.0,0.0,0.0,0.2
1,Q4,95440,0.1,0.3,0.0,0.0,0.0,0.1
1,Q5,87581,0.0,0.2,0.0,0.0,0.0,0.0
1,TODOS,554574,0.4,0.8,0.0,0.0,0.0,0.4
4,Q1,91682,2.5,3.8,0.0,0.0,0.0,2.2
4,Q2,86730,0.9,2.0,0.0,0.0,0.0,0.9
4,Q3,81511,0.4,1.2,0.0,0.0,0.0,0.4
4,Q4,77240,0.2,0.8,0.0,0.0,0.0,0.2
4,Q5,70227,0.1,0.6,0.0,0.0,0.0,0.1
4,TODOS,450251,0.9,1.7,0.0,0.0,0.0,0.8
