h,tipo_fold,anio_test,trimestre_test,particion,ancla_con_deficit_t,grupo_ingreso_t,n_y1,positivos_y1,n_y2,positivos_y2,celda_chica
1,dev,2008,1,train,TODOS,TODOS,71958,8160,36097,3105,False
1,dev,2008,1,train,False,Q1,13276,1973,11043,805,False
1,dev,2008,1,train,False,Q2,13964,1695,7435,676,False
1,dev,2008,1,train,False,Q3,12674,1427,4850,480,False
1,dev,2008,1,train,False,Q4,12664,1156,3851,440,False
1,dev,2008,1,train,False,Q5,12487,884,3510,370,False
1,dev,2008,1,train,False,decil_0,566,66,558,52,True
1,dev,2008,1,train,True,Q1,4221,693,3684,202,False
1,dev,2008,1,train,True,Q2,1232,161,733,47,True
1,dev,2008,1,train,True,Q3,469,50,218,13,True
1,dev,2008,1,train,True,Q4,230,24,90,9,True
1,dev,2008,1,train,True,Q5,95,18,42,5,True
1,dev,2008,1,train,True,decil_0,80,13,83,6,True
1,dev,2008,1,test,TODOS,TODOS,5932,603,2533,281,False
1,dev,2008,1,test,False,Q1,1122,158,859,87,True
1,dev,2008,1,test,False,Q2,1156,115,497,52,True
1,dev,2008,1,test,False,Q3,1000,94,331,48,True
1,dev,2008,1,test,False,Q4,1016,95,255,34,True
1,dev,2008,1,test,False,Q5,1176,73,266,32,True
1,dev,2008,1,test,False,decil_0,28,2,28,3,True
1,dev,2008,1,test,True,Q1,280,45,214,17,True
1,dev,2008,1,test,True,Q2,91,15,50,3,True
1,dev,2008,1,test,True,Q3,27,3,14,3,True
1,dev,2008,1,test,True,Q4,19,1,6,0,True
1,dev,2008,1,test,True,Q5,12,1,8,1,True
1,dev,2008,1,test,True,decil_0,5,1,5,1,True
1,dev,2009,1,train,TODOS,TODOS,95384,10580,46113,4179,False
1,dev,2009,1,train,False,Q1,17642,2586,14311,1095,False
1,dev,2009,1,train,False,Q2,18465,2168,9410,906,False
1,dev,2009,1,train,False,Q3,16716,1835,6187,657,False
1,dev,2009,1,train,False,Q4,16841,1540,4918,559,False
1,dev,2009,1,train,False,Q5,16953,1171,4551,507,False
1,dev,2009,1,train,False,decil_0,682,75,669,64,True
1,dev,2009,1,train,True,Q1,5377,854,4620,276,False
1,dev,2009,1,train,True,Q2,1574,215,897,64,True
1,dev,2009,1,train,True,Q3,593,66,276,25,True
1,dev,2009,1,train,True,Q4,311,34,119,12,True
1,dev,2009,1,train,True,Q5,128,21,55,6,True
1,dev,2009,1,train,True,decil_0,102,15,100,8,True
1,dev,2009,1,test,TODOS,TODOS,5708,608,2411,252,False
1,dev,2009,1,test,False,Q1,1113,171,830,81,True
1,dev,2009,1,test,False,Q2,1116,114,457,45,True
1,dev,2009,1,test,False,Q3,971,103,307,35,True
1,dev,2009,1,test,False,Q4,1025,88,274,44,True
1,dev,2009,1,test,False,Q5,1033,64,225,24,True
1,dev,2009,1,test,False,decil_0,35,1,35,2,True
1,dev,2009,1,test,True,Q1,272,50,218,16,True
1,dev,2009,1,test,True,Q2,75,11,30,3,True
1,dev,2009,1,test,True,Q3,36,5,15,1,True
1,dev,2009,1,test,True,Q4,20,0,11,1,True
1,dev,2009,1,test,True,Q5,6,0,2,0,True
1,dev,2009,1,test,True,decil_0,6,1,7,0,True
1,dev,2010,1,train,TODOS,TODOS,118343,12877,55712,5160,False
1,dev,2010,1,train,False,Q1,22102,3199,17586,1389,False
1,dev,2010,1,train,False,Q2,22756,2613,11227,1118,False
1,dev,2010,1,train,False,Q3,20743,2205,7415,796,False
1,dev,2010,1,train,False,Q4,21012,1893,6000,698,False
1,dev,2010,1,train,False,Q5,21213,1420,5556,617,False
1,dev,2010,1,train,False,decil_0,788,88,775,70,True
1,dev,2010,1,train,True,Q1,6444,1031,5471,331,False
1,dev,2010,1,train,True,Q2,1873,261,1021,79,True
1,dev,2010,1,train,True,Q3,739,83,326,32,True
1,dev,2010,1,train,True,Q4,393,40,155,13,True
1,dev,2010,1,train,True,Q5,163,26,64,8,True
1,dev,2010,1,train,True,decil_0,117,18,116,9,True
1,dev,2010,1,test,TODOS,TODOS,5613,566,2429,276,False
1,dev,2010,1,test,False,Q1,1166,160,858,85,True
1,dev,2010,1,test,False,Q2,1017,118,459,57,True
1,dev,2010,1,test,False,Q3,983,74,326,44,True
1,dev,2010,1,test,False,Q4,964,76,271,39,True
1,dev,2010,1,test,False,Q5,1040,61,221,27,True
1,dev,2010,1,test,False,decil_0,17,1,19,4,True
1,dev,2010,1,test,True,Q1,285,57,220,12,True
1,dev,2010,1,test,True,Q2,82,14,26,3,True
1,dev,2010,1,test,True,Q3,35,4,17,2,True
1,dev,2010,1,test,True,Q4,14,1,9,2,True
1,dev,2010,1,test,True,Q5,7,0,0,0,True
1,dev,2010,1,test,True,decil_0,3,0,3,1,True
1,dev,2011,1,train,TODOS,TODOS,140993,15049,65153,6183,False
1,dev,2011,1,train,False,Q1,26565,3769,20880,1697,False
1,dev,2011,1,train,False,Q2,26845,3063,12958,1333,False
1,dev,2011,1,train,False,Q3,24716,2561,8677,956,False
1,dev,2011,1,train,False,Q4,25146,2207,7065,833,False
1,dev,2011,1,train,False,Q5,25514,1662,6507,735,False
1,dev,2011,1,train,False,decil_0,877,95,873,86,True
1,dev,2011,1,train,True,Q1,7518,1201,6306,387,False
1,dev,2011,1,train,True,Q2,2143,297,1127,86,True
1,dev,2011,1,train,True,Q3,871,99,378,36,True
1,dev,2011,1,train,True,Q4,471,49,186,15,True
1,dev,2011,1,train,True,Q5,199,27,68,9,True
1,dev,2011,1,train,True,decil_0,128,19,128,10,True
1,dev,2011,1,test,TODOS,TODOS,5584,567,2287,244,False
1,dev,2011,1,test,False,Q1,1153,137,832,83,True
1,dev,2011,1,test,False,Q2,960,119,416,39,True
1,dev,2011,1,test,False,Q3,1045,97,326,39,True
1,dev,2011,1,test,False,Q4,943,79,233,28,True
1,dev,2011,1,test,False,Q5,1096,67,228,40,True
1,dev,2011,1,test,False,decil_0,23,0,22,5,True
1,dev,2011,1,test,True,Q1,244,52,188,5,True
1,dev,2011,1,test,True,Q2,63,10,22,3,True
1,dev,2011,1,test,True,Q3,32,4,11,0,True
1,dev,2011,1,test,True,Q4,15,1,5,1,True
1,dev,2011,1,test,True,Q5,9,1,2,1,True
1,dev,2011,1,test,True,decil_0,1,0,2,0,True
1,dev,2012,1,train,TODOS,TODOS,163561,17291,74284,7171,False
1,dev,2012,1,train,False,Q1,31048,4312,24062,2005,False
1,dev,2012,1,train,False,Q2,31050,3551,14676,1523,False
1,dev,2012,1,train,False,Q3,28805,2975,9886,1107,False
1,dev,2012,1,train,False,Q4,29142,2527,8086,948,False
1,dev,2012,1,train,False,Q5,29732,1914,7441,861,False
1,dev,2012,1,train,False,decil_0,969,101,964,97,True
1,dev,2012,1,train,True,Q1,8521,1357,7085,454,False
1,dev,2012,1,train,True,Q2,2384,332,1233,97,True
1,dev,2012,1,train,True,Q3,1000,114,427,40,True
1,dev,2012,1,train,True,Q4,531,55,206,18,True
1,dev,2012,1,train,True,Q5,238,32,77,10,True
1,dev,2012,1,train,True,decil_0,141,21,141,11,True
1,dev,2012,1,test,TODOS,TODOS,5457,513,2193,229,False
1,dev,2012,1,test,False,Q1,1065,120,768,72,True
1,dev,2012,1,test,False,Q2,1083,114,438,60,True
1,dev,2012,1,test,False,Q3,950,94,285,32,True
1,dev,2012,1,test,False,Q4,968,80,229,22,True
1,dev,2012,1,test,False,Q5,1014,52,225,21,True
1,dev,2012,1,test,False,decil_0,23,3,26,4,True
1,dev,2012,1,test,True,Q1,236,40,182,15,True
1,dev,2012,1,test,True,Q2,72,6,30,3,True
1,dev,2012,1,test,True,Q3,19,2,7,0,True
1,dev,2012,1,test,True,Q4,21,1,3,0,True
1,dev,2012,1,test,True,Q5,5,1,0,0,True
1,dev,2012,1,test,True,decil_0,1,0,0,0,True
1,dev,2013,1,train,TODOS,TODOS,185537,19406,83161,8075,False
1,dev,2013,1,train,False,Q1,35295,4828,27051,2292,False
1,dev,2013,1,train,False,Q2,35384,4021,16459,1743,False
1,dev,2013,1,train,False,Q3,32600,3339,11073,1237,False
1,dev,2013,1,train,False,Q4,33130,2863,9094,1041,False
1,dev,2013,1,train,False,Q5,33867,2152,8364,954,False
1,dev,2013,1,train,False,decil_0,1051,108,1053,114,False
1,dev,2013,1,train,True,Q1,9465,1497,7810,502,False
1,dev,2013,1,train,True,Q2,2655,365,1349,107,False
1,dev,2013,1,train,True,Q3,1087,118,464,43,True
1,dev,2013,1,train,True,Q4,593,59,218,19,True
1,dev,2013,1,train,True,Q5,266,35,83,11,True
1,dev,2013,1,train,True,decil_0,144,21,143,12,True
1,dev,2013,1,test,TODOS,TODOS,5378,510,2177,226,False
1,dev,2013,1,test,False,Q1,1158,149,820,81,True
1,dev,2013,1,test,False,Q2,1001,110,409,54,True
1,dev,2013,1,test,False,Q3,920,86,261,23,True
1,dev,2013,1,test,False,Q4,978,70,269,28,True
1,dev,2013,1,test,False,Q5,995,54,211,25,True
1,dev,2013,1,test,False,decil_0,24,4,23,3,True
1,dev,2013,1,test,True,Q1,186,25,140,10,True
1,dev,2013,1,test,True,Q2,63,5,24,1,True
1,dev,2013,1,test,True,Q3,27,6,11,0,True
1,dev,2013,1,test,True,Q4,18,0,7,1,True
1,dev,2013,1,test,True,Q5,8,1,1,0,True
1,dev,2013,1,test,True,decil_0,0,0,1,0,True
1,dev,2014,1,train,TODOS,TODOS,207031,21363,91978,9009,False
1,dev,2014,1,train,False,Q1,39737,5341,30222,2587,False
1,dev,2014,1,train,False,Q2,39617,4473,18189,1959,False
1,dev,2014,1,train,False,Q3,36200,3659,12219,1365,False
1,dev,2014,1,train,False,Q4,37070,3161,10103,1168,False
1,dev,2014,1,train,False,Q5,37868,2351,9282,1061,False
1,dev,2014,1,train,False,decil_0,1117,115,1117,123,False
1,dev,2014,1,train,True,Q1,10254,1614,8418,539,False
1,dev,2014,1,train,True,Q2,2892,394,1451,116,False
1,dev,2014,1,train,True,Q3,1184,133,506,47,True
1,dev,2014,1,train,True,Q4,654,62,231,20,True
1,dev,2014,1,train,True,Q5,292,39,93,12,True
1,dev,2014,1,train,True,decil_0,146,21,147,12,True
1,dev,2014,1,test,TODOS,TODOS,5641,519,2324,245,False
1,dev,2014,1,test,False,Q1,1138,128,803,91,True
1,dev,2014,1,test,False,Q2,1177,121,500,54,True
1,dev,2014,1,test,False,Q3,988,80,337,32,True
1,dev,2014,1,test,False,Q4,1003,86,258,27,True
1,dev,2014,1,test,False,Q5,1031,67,221,22,True
1,dev,2014,1,test,False,decil_0,24,4,23,8,True
1,dev,2014,1,test,True,Q1,179,22,135,10,True
1,dev,2014,1,test,True,Q2,51,6,24,1,True
1,dev,2014,1,test,True,Q3,23,3,8,0,True
1,dev,2014,1,test,True,Q4,11,2,6,0,True
1,dev,2014,1,test,True,Q5,13,0,5,0,True
1,dev,2014,1,test,True,decil_0,3,0,4,0,True
1,dev,2016,2,train,TODOS,TODOS,241033,24520,105763,10449,False
1,dev,2016,2,train,False,Q1,46153,6096,34915,3051,False
1,dev,2016,2,train,False,Q2,46687,5205,21196,2288,False
1,dev,2016,2,train,False,Q3,42112,4221,14097,1573,False
1,dev,2016,2,train,False,Q4,43352,3660,11708,1350,False
1,dev,2016,2,train,False,Q5,44380,2704,10697,1218,False
1,dev,2016,2,train,False,decil_0,1245,134,1246,144,False
1,dev,2016,2,train,True,Q1,11345,1778,9223,602,False
1,dev,2016,2,train,True,Q2,3236,436,1609,129,False
1,dev,2016,2,train,True,Q3,1314,152,554,49,True
1,dev,2016,2,train,True,Q4,722,70,254,21,True
1,dev,2016,2,train,True,Q5,331,40,107,12,True
1,dev,2016,2,train,True,decil_0,156,24,157,12,True
1,dev,2016,2,test,TODOS,TODOS,5535,519,2307,253,False
1,dev,2016,2,test,False,Q1,963,113,673,66,True
1,dev,2016,2,test,False,Q2,900,99,395,44,True
1,dev,2016,2,test,False,Q3,628,47,183,20,True
1,dev,2016,2,test,False,Q4,803,53,201,19,True
1,dev,2016,2,test,False,Q5,737,33,155,20,True
1,dev,2016,2,test,False,decil_0,13,2,14,3,True
1,dev,2016,2,test,False,no_declarado,1253,133,528,69,True
1,dev,2016,2,test,True,Q1,137,20,97,4,True
1,dev,2016,2,test,True,Q2,43,9,28,3,True
1,dev,2016,2,test,True,Q3,17,3,8,0,True
1,dev,2016,2,test,True,Q4,6,0,1,0,True
1,dev,2016,2,test,True,Q5,3,0,1,1,True
1,dev,2016,2,test,True,decil_0,3,0,2,1,True
1,dev,2016,2,test,True,no_declarado,29,7,21,3,True
1,dev,2017,1,train,TODOS,TODOS,252130,25560,110407,10948,False
1,dev,2017,1,train,False,Q1,48034,6333,36269,3185,False
1,dev,2017,1,train,False,Q2,48436,5388,21977,2374,False
1,dev,2017,1,train,False,Q3,43501,4335,14531,1628,False
1,dev,2017,1,train,False,Q4,44869,3762,12083,1382,False
1,dev,2017,1,train,False,Q5,45820,2767,10985,1250,False
1,dev,2017,1,train,False,decil_0,1282,137,1283,150,False
1,dev,2017,1,train,False,no_declarado,2613,267,1064,133,False
1,dev,2017,1,train,True,Q1,11603,1811,9417,613,False
1,dev,2017,1,train,True,Q2,3318,451,1658,133,False
1,dev,2017,1,train,True,Q3,1347,158,566,49,True
1,dev,2017,1,train,True,Q4,737,71,258,21,True
1,dev,2017,1,train,True,Q5,338,40,109,13,True
1,dev,2017,1,train,True,decil_0,159,24,159,13,True
1,dev,2017,1,train,True,no_declarado,73,16,48,4,True
1,dev,2017,1,test,TODOS,TODOS,5675,523,2437,209,False
1,dev,2017,1,test,False,Q1,983,120,742,53,True
1,dev,2017,1,test,False,Q2,809,82,333,35,True
1,dev,2017,1,test,False,Q3,805,61,243,18,True
1,dev,2017,1,test,False,Q4,731,55,201,19,True
1,dev,2017,1,test,False,Q5,700,34,155,10,True
1,dev,2017,1,test,False,decil_0,26,3,28,2,True
1,dev,2017,1,test,False,no_declarado,1375,127,581,62,True
1,dev,2017,1,test,True,Q1,121,20,87,7,True
1,dev,2017,1,test,True,Q2,45,8,23,1,True
1,dev,2017,1,test,True,Q3,12,1,2,0,True
1,dev,2017,1,test,True,Q4,11,1,4,0,True
1,dev,2017,1,test,True,Q5,4,0,2,0,True
1,dev,2017,1,test,True,decil_0,2,0,2,0,True
1,dev,2017,1,test,True,no_declarado,51,11,34,2,True
1,dev,2018,1,train,TODOS,TODOS,274588,27609,119830,11836,False
1,dev,2018,1,train,False,Q1,51899,6797,39117,3421,False
1,dev,2018,1,train,False,Q2,51940,5747,23428,2527,False
1,dev,2018,1,train,False,Q3,46575,4582,15478,1712,False
1,dev,2018,1,train,False,Q4,47931,3983,12881,1451,False
1,dev,2018,1,train,False,Q5,48755,2903,11614,1318,False
1,dev,2018,1,train,False,decil_0,1353,143,1359,159,False
1,dev,2018,1,train,False,no_declarado,7602,741,3103,359,False
1,dev,2018,1,train,True,Q1,12154,1900,9839,638,False
1,dev,2018,1,train,True,Q2,3463,472,1727,138,False
1,dev,2018,1,train,True,Q3,1396,162,579,51,True
1,dev,2018,1,train,True,Q4,767,73,269,21,True
1,dev,2018,1,train,True,Q5,356,40,114,13,True
1,dev,2018,1,train,True,decil_0,166,24,166,15,True
1,dev,2018,1,train,True,no_declarado,231,42,156,13,True
1,dev,2018,1,test,TODOS,TODOS,5518,558,2391,218,False
1,dev,2018,1,test,False,Q1,1011,125,750,52,True
1,dev,2018,1,test,False,Q2,878,103,401,36,True
1,dev,2018,1,test,False,Q3,835,72,272,31,True
1,dev,2018,1,test,False,Q4,794,49,182,20,True
1,dev,2018,1,test,False,Q5,661,41,171,16,True
1,dev,2018,1,test,False,decil_0,13,0,13,1,True
1,dev,2018,1,test,False,no_declarado,1111,128,458,52,True
1,dev,2018,1,test,True,Q1,120,27,94,6,True
1,dev,2018,1,test,True,Q2,32,5,13,0,True
1,dev,2018,1,test,True,Q3,17,2,7,0,True
1,dev,2018,1,test,True,Q4,9,0,7,0,True
1,dev,2018,1,test,True,Q5,2,0,1,0,True
1,dev,2018,1,test,True,decil_0,1,0,1,0,True
1,dev,2018,1,test,True,no_declarado,34,6,21,4,True
1,dev,2019,1,train,TODOS,TODOS,296522,29819,129348,12726,False
1,dev,2019,1,train,False,Q1,55884,7340,42009,3625,False
1,dev,2019,1,train,False,Q2,55503,6141,25022,2680,False
1,dev,2019,1,train,False,Q3,49843,4867,16593,1828,False
1,dev,2019,1,train,False,Q4,50990,4188,13667,1533,False
1,dev,2019,1,train,False,Q5,51706,3069,12371,1396,False
1,dev,2019,1,train,False,decil_0,1418,145,1428,167,False
1,dev,2019,1,train,False,no_declarado,11755,1235,4825,567,False
1,dev,2019,1,train,True,Q1,12666,1976,10236,663,False
1,dev,2019,1,train,True,Q2,3627,498,1793,142,False
1,dev,2019,1,train,True,Q3,1455,165,609,52,True
1,dev,2019,1,train,True,Q4,795,73,282,21,True
1,dev,2019,1,train,True,Q5,374,41,119,13,True
1,dev,2019,1,train,True,decil_0,169,24,169,15,True
1,dev,2019,1,train,True,no_declarado,337,57,225,24,True
1,dev,2019,1,test,TODOS,TODOS,5905,653,2610,224,False
1,dev,2019,1,test,False,Q1,1096,148,864,60,True
1,dev,2019,1,test,False,Q2,1015,142,441,38,True
1,dev,2019,1,test,False,Q3,861,92,290,34,True
1,dev,2019,1,test,False,Q4,843,61,198,22,True
1,dev,2019,1,test,False,Q5,726,32,186,13,True
1,dev,2019,1,test,False,decil_0,18,3,18,2,True
1,dev,2019,1,test,False,no_declarado,1120,138,461,43,True
1,dev,2019,1,test,True,Q1,136,19,108,8,True
1,dev,2019,1,test,True,Q2,39,8,16,2,True
1,dev,2019,1,test,True,Q3,19,3,10,1,True
1,dev,2019,1,test,True,Q4,7,0,2,1,True
1,dev,2019,1,test,True,Q5,4,0,3,0,True
1,dev,2019,1,test,True,decil_0,1,1,1,0,True
1,dev,2019,1,test,True,no_declarado,20,6,12,0,True
1,dev,2020,1,train,TODOS,TODOS,319294,32282,139595,13632,False
1,dev,2020,1,train,False,Q1,60139,7984,45215,3862,False
1,dev,2020,1,train,False,Q2,59425,6627,26831,2830,False
1,dev,2020,1,train,False,Q3,53185,5201,17728,1934,False
1,dev,2020,1,train,False,Q4,54394,4451,14590,1631,False
1,dev,2020,1,train,False,Q5,54773,3218,13169,1476,False
1,dev,2020,1,train,False,decil_0,1493,153,1505,178,False
1,dev,2020,1,train,False,no_declarado,15538,1670,6502,743,False
1,dev,2020,1,train,True,Q1,13193,2056,10668,691,False
1,dev,2020,1,train,True,Q2,3798,524,1868,153,False
1,dev,2020,1,train,True,Q3,1519,174,633,55,True
1,dev,2020,1,train,True,Q4,835,73,297,23,True
1,dev,2020,1,train,True,Q5,390,41,127,13,True
1,dev,2020,1,train,True,decil_0,173,25,173,15,True
1,dev,2020,1,train,True,no_declarado,439,85,289,28,True
1,dev,2020,1,test,TODOS,TODOS,3858,419,1881,140,False
1,dev,2020,1,test,False,Q1,658,84,569,38,True
1,dev,2020,1,test,False,Q2,761,86,380,34,True
1,dev,2020,1,test,False,Q3,614,67,223,14,True
1,dev,2020,1,test,False,Q4,549,55,172,13,True
1,dev,2020,1,test,False,Q5,565,33,139,15,True
1,dev,2020,1,test,False,decil_0,14,0,15,0,True
1,dev,2020,1,test,False,no_declarado,582,75,297,25,True
1,dev,2020,1,test,True,Q1,71,9,65,0,True
1,dev,2020,1,test,True,Q2,23,6,11,1,True
1,dev,2020,1,test,True,Q3,7,1,0,0,True
1,dev,2020,1,test,True,Q4,6,1,3,0,True
1,dev,2020,1,test,True,decil_0,1,0,1,0,True
1,dev,2020,1,test,True,no_declarado,7,2,6,0,True
1,dev,2021,1,train,TODOS,TODOS,334970,33827,146846,14172,False
1,dev,2021,1,train,False,Q1,62752,8341,47260,3998,False
1,dev,2021,1,train,False,Q2,62474,6975,28364,2957,False
1,dev,2021,1,train,False,Q3,55636,5447,18672,2007,False
1,dev,2021,1,train,False,Q4,56821,4658,15293,1687,False
1,dev,2021,1,train,False,Q5,56900,3318,13650,1530,False
1,dev,2021,1,train,False,decil_0,1557,155,1569,180,False
1,dev,2021,1,train,False,no_declarado,17917,1875,7575,818,False
1,dev,2021,1,train,True,Q1,13491,2098,10932,698,False
1,dev,2021,1,train,True,Q2,3935,547,1947,159,False
1,dev,2021,1,train,True,Q3,1570,179,649,55,True
1,dev,2021,1,train,True,Q4,863,75,310,24,True
1,dev,2021,1,train,True,Q5,394,41,129,13,True
1,dev,2021,1,train,True,decil_0,176,25,176,15,True
1,dev,2021,1,train,True,no_declarado,484,93,320,31,True
1,dev,2021,1,test,TODOS,TODOS,4702,466,2236,203,False
1,dev,2021,1,test,False,Q1,834,109,684,58,True
1,dev,2021,1,test,False,Q2,898,112,447,41,True
1,dev,2021,1,test,False,Q3,712,84,271,23,True
1,dev,2021,1,test,False,Q4,701,52,209,24,True
1,dev,2021,1,test,False,Q5,623,20,131,15,True
1,dev,2021,1,test,False,decil_0,14,3,17,2,True
1,dev,2021,1,test,False,no_declarado,763,68,361,31,True
1,dev,2021,1,test,True,Q1,96,12,86,4,True
1,dev,2021,1,test,True,Q2,28,2,12,2,True
1,dev,2021,1,test,True,Q3,7,1,3,0,True
1,dev,2021,1,test,True,Q4,6,0,1,0,True
1,dev,2021,1,test,True,Q5,1,0,1,0,True
1,dev,2021,1,test,True,decil_0,1,0,1,0,True
1,dev,2021,1,test,True,no_declarado,18,3,12,3,True
1,dev,2022,1,train,TODOS,TODOS,352926,35553,155146,14911,False
1,dev,2022,1,train,False,Q1,65766,8748,49677,4183,False
1,dev,2022,1,train,False,Q2,65862,7365,30050,3127,False
1,dev,2022,1,train,False,Q3,58252,5713,19676,2089,False
1,dev,2022,1,train,False,Q4,59579,4846,16070,1758,False
1,dev,2022,1,train,False,Q5,59272,3426,14170,1586,False
1,dev,2022,1,train,False,decil_0,1616,166,1633,183,False
1,dev,2022,1,train,False,no_declarado,21112,2157,8982,958,False
1,dev,2022,1,train,True,Q1,13825,2145,11232,717,False
1,dev,2022,1,train,True,Q2,4032,558,2003,165,False
1,dev,2022,1,train,True,Q3,1602,183,667,55,True
1,dev,2022,1,train,True,Q4,885,75,317,25,True
1,dev,2022,1,train,True,Q5,403,41,132,13,True
1,dev,2022,1,train,True,decil_0,178,25,179,15,True
1,dev,2022,1,train,True,no_declarado,542,105,358,37,True
1,dev,2022,1,test,TODOS,TODOS,5124,488,2378,234,False
1,dev,2022,1,test,False,Q1,842,97,692,53,True
1,dev,2022,1,test,False,Q2,884,98,443,43,True
1,dev,2022,1,test,False,Q3,765,72,273,29,True
1,dev,2022,1,test,False,Q4,691,53,190,14,True
1,dev,2022,1,test,False,Q5,690,44,146,21,True
1,dev,2022,1,test,False,decil_0,17,1,21,3,True
1,dev,2022,1,test,False,no_declarado,1075,101,495,59,True
1,dev,2022,1,test,True,Q1,87,9,76,5,True
1,dev,2022,1,test,True,Q2,28,4,15,1,True
1,dev,2022,1,test,True,Q3,15,4,7,2,True
1,dev,2022,1,test,True,Q4,2,0,2,0,True
1,dev,2022,1,test,True,Q5,4,0,2,1,True
1,dev,2022,1,test,True,decil_0,0,0,1,0,True
1,dev,2022,1,test,True,no_declarado,24,5,15,3,True
1,holdout,2023,1,train,TODOS,TODOS,372455,37455,164065,15741,False
1,holdout,2023,1,train,False,Q1,69030,9145,52187,4368,False
1,holdout,2023,1,train,False,Q2,69204,7735,31723,3283,False
1,holdout,2023,1,train,False,Q3,61070,5977,20745,2194,False
1,holdout,2023,1,train,False,Q4,62427,5071,16888,1830,False
1,holdout,2023,1,train,False,Q5,61914,3560,14785,1668,False
1,holdout,2023,1,train,False,decil_0,1668,171,1692,191,False
1,holdout,2023,1,train,False,no_declarado,25082,2566,10717,1151,False
1,holdout,2023,1,train,True,Q1,14149,2186,11523,734,False
1,holdout,2023,1,train,True,Q2,4146,589,2061,167,False
1,holdout,2023,1,train,True,Q3,1646,189,687,58,True
1,holdout,2023,1,train,True,Q4,906,77,326,25,True
1,holdout,2023,1,train,True,Q5,416,43,138,14,True
1,holdout,2023,1,train,True,decil_0,181,25,182,15,True
1,holdout,2023,1,train,True,no_declarado,616,121,411,43,True
1,holdout,2023,1,test,TODOS,TODOS,52035,5135,24015,2128,False
1,holdout,2023,1,test,False,Q1,8563,1072,6676,492,False
1,holdout,2023,1,test,False,Q2,8057,898,4041,346,False
1,holdout,2023,1,test,False,Q3,7532,658,2813,273,False
1,holdout,2023,1,test,False,Q4,7300,575,2078,190,False
1,holdout,2023,1,test,False,Q5,6839,373,1640,153,False
1,holdout,2023,1,test,False,decil_0,145,12,150,10,True
1,holdout,2023,1,test,False,no_declarado,12086,1356,5523,599,False
1,holdout,2023,1,test,True,Q1,777,94,671,36,True
1,holdout,2023,1,test,True,Q2,232,37,128,7,True
1,holdout,2023,1,test,True,Q3,127,17,58,2,True
1,holdout,2023,1,test,True,Q4,65,3,30,5,True
1,holdout,2023,1,test,True,Q5,26,1,8,0,True
1,holdout,2023,1,test,True,decil_0,3,0,3,1,True
1,holdout,2023,1,test,True,no_declarado,283,39,196,14,True
4,dev,2008,1,train,TODOS,TODOS,53436,6332,27628,3863,False
4,dev,2008,1,train,False,Q1,10021,1544,8520,1044,False
4,dev,2008,1,train,False,Q2,10425,1315,5631,907,False
4,dev,2008,1,train,False,Q3,9507,1059,3752,626,False
4,dev,2008,1,train,False,Q4,9404,950,2948,485,False
4,dev,2008,1,train,False,Q5,9101,679,2756,425,False
4,dev,2008,1,train,False,decil_0,442,59,442,63,True
4,dev,2008,1,train,True,Q1,3064,511,2722,229,False
4,dev,2008,1,train,True,Q2,911,130,549,59,True
4,dev,2008,1,train,True,Q3,301,55,135,10,True
4,dev,2008,1,train,True,Q4,134,12,75,5,True
4,dev,2008,1,train,True,Q5,56,7,21,4,True
4,dev,2008,1,train,True,decil_0,70,11,77,6,True
4,dev,2008,1,test,TODOS,TODOS,5078,615,2207,375,False
4,dev,2008,1,test,False,Q1,975,153,740,116,False
4,dev,2008,1,test,False,Q2,995,122,447,84,True
4,dev,2008,1,test,False,Q3,864,97,279,49,True
4,dev,2008,1,test,False,Q4,888,99,230,45,True
4,dev,2008,1,test,False,Q5,955,69,235,34,True
4,dev,2008,1,test,False,decil_0,24,2,22,8,True
4,dev,2008,1,test,True,Q1,238,40,186,27,True
4,dev,2008,1,test,True,Q2,77,20,39,6,True
4,dev,2008,1,test,True,Q3,24,2,8,1,True
4,dev,2008,1,test,True,Q4,19,5,7,1,True
4,dev,2008,1,test,True,Q5,12,4,7,2,True
4,dev,2008,1,test,True,decil_0,7,2,7,2,True
4,dev,2009,1,train,TODOS,TODOS,69017,8067,34703,5101,False
4,dev,2009,1,train,False,Q1,13012,2003,10868,1411,False
4,dev,2009,1,train,False,Q2,13518,1673,7063,1197,False
4,dev,2009,1,train,False,Q3,12241,1323,4647,805,False
4,dev,2009,1,train,False,Q4,12172,1227,3702,637,False
4,dev,2009,1,train,False,Q5,11879,874,3503,551,False
4,dev,2009,1,train,False,decil_0,517,68,523,75,True
4,dev,2009,1,train,True,Q1,3850,641,3386,308,False
4,dev,2009,1,train,True,Q2,1130,160,648,78,True
4,dev,2009,1,train,True,Q3,376,63,161,15,True
4,dev,2009,1,train,True,Q4,164,13,85,6,True
4,dev,2009,1,train,True,Q5,77,9,29,8,True
4,dev,2009,1,train,True,decil_0,81,13,88,10,True
4,dev,2009,1,test,TODOS,TODOS,5062,572,2169,344,False
4,dev,2009,1,test,False,Q1,1034,119,786,108,False
4,dev,2009,1,test,False,Q2,1006,127,426,78,True
4,dev,2009,1,test,False,Q3,886,107,272,54,True
4,dev,2009,1,test,False,Q4,895,94,196,35,True
4,dev,2009,1,test,False,Q5,884,69,229,33,True
4,dev,2009,1,test,False,decil_0,28,1,28,6,True
4,dev,2009,1,test,True,Q1,218,41,181,20,True
4,dev,2009,1,test,True,Q2,56,10,21,4,True
4,dev,2009,1,test,True,Q3,25,3,14,3,True
4,dev,2009,1,test,True,Q4,21,1,10,2,True
4,dev,2009,1,test,True,Q5,4,0,1,0,True
4,dev,2009,1,test,True,decil_0,5,0,5,1,True
4,dev,2010,1,train,TODOS,TODOS,89674,10438,43665,6470,False
4,dev,2010,1,train,False,Q1,16934,2587,13907,1879,False
4,dev,2010,1,train,False,Q2,17492,2170,8839,1490,False
4,dev,2010,1,train,False,Q3,15788,1696,5803,992,False
4,dev,2010,1,train,False,Q4,15969,1615,4700,779,False
4,dev,2010,1,train,False,Q5,15817,1175,4462,697,False
4,dev,2010,1,train,False,decil_0,619,82,623,95,True
4,dev,2010,1,train,True,Q1,4750,778,4115,381,False
4,dev,2010,1,train,True,Q2,1386,209,760,100,False
4,dev,2010,1,train,True,Q3,475,69,196,20,True
4,dev,2010,1,train,True,Q4,241,27,118,11,True
4,dev,2010,1,train,True,Q5,109,15,42,12,True
4,dev,2010,1,train,True,decil_0,94,15,100,14,True
4,dev,2010,1,test,TODOS,TODOS,4874,527,2144,330,False
4,dev,2010,1,test,False,Q1,1052,143,784,113,False
4,dev,2010,1,test,False,Q2,867,109,397,72,True
4,dev,2010,1,test,False,Q3,877,96,301,50,True
4,dev,2010,1,test,False,Q4,839,70,232,39,True
4,dev,2010,1,test,False,Q5,894,61,193,24,True
4,dev,2010,1,test,False,decil_0,12,2,12,1,True
4,dev,2010,1,test,True,Q1,223,33,178,24,True
4,dev,2010,1,test,True,Q2,59,11,20,2,True
4,dev,2010,1,test,True,Q3,30,2,13,1,True
4,dev,2010,1,test,True,Q4,14,0,7,4,True
4,dev,2010,1,test,True,Q5,6,0,4,0,True
4,dev,2010,1,test,True,decil_0,1,0,3,0,True
4,dev,2011,1,train,TODOS,TODOS,110061,12632,52289,7786,False
4,dev,2011,1,train,False,Q1,20990,3138,16941,2276,False
4,dev,2011,1,train,False,Q2,21446,2649,10519,1780,False
4,dev,2011,1,train,False,Q3,19323,2070,6839,1186,False
4,dev,2011,1,train,False,Q4,19718,1969,5652,938,False
4,dev,2011,1,train,False,Q5,19446,1405,5329,832,False
4,dev,2011,1,train,False,decil_0,703,90,715,119,True
4,dev,2011,1,train,True,Q1,5656,918,4863,459,False
4,dev,2011,1,train,True,Q2,1628,243,869,121,False
4,dev,2011,1,train,True,Q3,599,83,240,31,True
4,dev,2011,1,train,True,Q4,315,34,159,14,True
4,dev,2011,1,train,True,Q5,128,17,48,12,True
4,dev,2011,1,train,True,decil_0,109,16,115,18,True
4,dev,2011,1,test,TODOS,TODOS,4919,514,1979,315,False
4,dev,2011,1,test,False,Q1,999,134,717,107,False
4,dev,2011,1,test,False,Q2,871,105,361,61,True
4,dev,2011,1,test,False,Q3,954,97,279,53,True
4,dev,2011,1,test,False,Q4,827,72,200,34,True
4,dev,2011,1,test,False,Q5,954,60,207,28,True
4,dev,2011,1,test,False,decil_0,18,1,17,3,True
4,dev,2011,1,test,True,Q1,197,33,157,21,True
4,dev,2011,1,test,True,Q2,48,7,21,3,True
4,dev,2011,1,test,True,Q3,29,3,13,4,True
4,dev,2011,1,test,True,Q4,11,0,3,1,True
4,dev,2011,1,test,True,Q5,9,1,2,0,True
4,dev,2011,1,test,True,decil_0,2,1,2,0,True
4,dev,2012,1,train,TODOS,TODOS,130082,14759,60807,9187,False
4,dev,2012,1,train,False,Q1,24910,3670,19886,2729,False
4,dev,2012,1,train,False,Q2,25071,3087,12124,2085,False
4,dev,2012,1,train,False,Q3,22864,2419,8013,1407,False
4,dev,2012,1,train,False,Q4,23416,2288,6619,1104,False
4,dev,2012,1,train,False,Q5,23258,1668,6153,954,False
4,dev,2012,1,train,False,decil_0,782,101,796,135,False
4,dev,2012,1,train,True,Q1,6597,1082,5610,549,False
4,dev,2012,1,train,True,Q2,1855,279,962,135,False
4,dev,2012,1,train,True,Q3,692,90,284,36,True
4,dev,2012,1,train,True,Q4,359,39,175,20,True
4,dev,2012,1,train,True,Q5,155,19,55,12,True
4,dev,2012,1,train,True,decil_0,123,17,130,21,True
4,dev,2012,1,test,TODOS,TODOS,4750,507,1981,302,False
4,dev,2012,1,test,False,Q1,947,118,681,99,True
4,dev,2012,1,test,False,Q2,915,107,367,58,True
4,dev,2012,1,test,False,Q3,882,125,287,59,True
4,dev,2012,1,test,False,Q4,866,75,228,39,True
4,dev,2012,1,test,False,Q5,830,37,204,21,True
4,dev,2012,1,test,False,decil_0,16,0,16,2,True
4,dev,2012,1,test,True,Q1,195,32,155,19,True
4,dev,2012,1,test,True,Q2,63,11,30,3,True
4,dev,2012,1,test,True,Q3,20,1,7,1,True
4,dev,2012,1,test,True,Q4,15,1,4,1,True
4,dev,2012,1,test,True,Q5,0,0,0,0,True
4,dev,2012,1,test,True,decil_0,1,0,2,0,True
4,dev,2013,1,train,TODOS,TODOS,150169,16960,69177,10439,False
4,dev,2013,1,train,False,Q1,29044,4256,22862,3130,False
4,dev,2013,1,train,False,Q2,28994,3540,13726,2343,False
4,dev,2013,1,train,False,Q3,26488,2813,9112,1587,False
4,dev,2013,1,train,False,Q4,26904,2608,7552,1271,False
4,dev,2013,1,train,False,Q5,26878,1915,7016,1077,False
4,dev,2013,1,train,False,decil_0,857,110,872,154,False
4,dev,2013,1,train,True,Q1,7443,1230,6270,631,False
4,dev,2013,1,train,True,Q2,2055,307,1052,143,False
4,dev,2013,1,train,True,Q3,780,99,319,45,True
4,dev,2013,1,train,True,Q4,400,42,185,21,True
4,dev,2013,1,train,True,Q5,194,21,72,15,True
4,dev,2013,1,train,True,decil_0,132,19,139,22,True
4,dev,2013,1,test,TODOS,TODOS,2388,232,958,167,False
4,dev,2013,1,test,False,Q1,476,59,360,55,True
4,dev,2013,1,test,False,Q2,439,47,177,36,True
4,dev,2013,1,test,False,Q3,445,32,148,31,True
4,dev,2013,1,test,False,Q4,447,43,103,14,True
4,dev,2013,1,test,False,Q5,453,30,81,14,True
4,dev,2013,1,test,False,decil_0,14,2,16,5,True
4,dev,2013,1,test,True,Q1,86,14,64,11,True
4,dev,2013,1,test,True,Q2,16,4,4,0,True
4,dev,2013,1,test,True,Q3,7,1,4,1,True
4,dev,2013,1,test,True,Q4,4,0,1,0,True
4,dev,2013,1,test,True,Q5,1,0,0,0,True
4,dev,2014,1,train,TODOS,TODOS,169275,18887,77121,11630,False
4,dev,2014,1,train,False,Q1,32762,4715,25567,3534,False
4,dev,2014,1,train,False,Q2,32782,3957,15279,2582,False
4,dev,2014,1,train,False,Q3,29801,3192,10234,1789,False
4,dev,2014,1,train,False,Q4,30425,2901,8458,1395,False
4,dev,2014,1,train,False,Q5,30477,2115,7893,1194,False
4,dev,2014,1,train,False,decil_0,918,114,938,170,False
4,dev,2014,1,train,True,Q1,8173,1358,6823,701,False
4,dev,2014,1,train,True,Q2,2281,341,1163,155,False
4,dev,2014,1,train,True,Q3,860,107,352,48,True
4,dev,2014,1,train,True,Q4,451,47,194,23,True
4,dev,2014,1,train,True,Q5,207,21,74,15,True
4,dev,2014,1,train,True,decil_0,138,19,146,24,True
4,dev,2014,1,test,TODOS,TODOS,5024,566,2123,308,False
4,dev,2014,1,test,False,Q1,1033,155,767,107,False
4,dev,2014,1,test,False,Q2,1009,127,422,62,True
4,dev,2014,1,test,False,Q3,890,90,278,40,True
4,dev,2014,1,test,False,Q4,896,88,234,30,True
4,dev,2014,1,test,False,Q5,909,65,214,40,True
4,dev,2014,1,test,False,decil_0,26,1,32,10,True
4,dev,2014,1,test,True,Q1,185,26,142,12,True
4,dev,2014,1,test,True,Q2,43,9,16,5,True
4,dev,2014,1,test,True,Q3,19,3,8,1,True
4,dev,2014,1,test,True,Q4,7,1,5,0,True
4,dev,2014,1,test,True,Q5,5,0,3,0,True
4,dev,2014,1,test,True,decil_0,2,1,2,1,True
4,dev,2016,2,train,TODOS,TODOS,189486,21026,85418,12855,False
4,dev,2016,2,train,False,Q1,36871,5266,28551,3935,False
4,dev,2016,2,train,False,Q2,36910,4447,17008,2868,False
4,dev,2016,2,train,False,Q3,33292,3555,11325,1957,False
4,dev,2016,2,train,False,Q4,34093,3252,9360,1525,False
4,dev,2016,2,train,False,Q5,34229,2350,8752,1325,False
4,dev,2016,2,train,False,decil_0,1005,121,1032,200,False
4,dev,2016,2,train,True,Q1,8838,1451,7332,758,False
4,dev,2016,2,train,True,Q2,2479,376,1243,171,False
4,dev,2016,2,train,True,Q3,914,116,375,52,True
4,dev,2016,2,train,True,Q4,484,50,206,24,True
4,dev,2016,2,train,True,Q5,227,22,81,15,True
4,dev,2016,2,train,True,decil_0,144,20,153,25,True
4,dev,2016,2,test,TODOS,TODOS,5080,543,2138,294,False
4,dev,2016,2,test,False,Q1,901,111,619,82,True
4,dev,2016,2,test,False,Q2,887,92,392,49,True
4,dev,2016,2,test,False,Q3,563,52,175,21,True
4,dev,2016,2,test,False,Q4,702,61,192,32,True
4,dev,2016,2,test,False,Q5,630,40,135,19,True
4,dev,2016,2,test,False,decil_0,10,3,11,1,True
4,dev,2016,2,test,False,no_declarado,1168,141,466,74,True
4,dev,2016,2,test,True,Q1,118,27,93,15,True
4,dev,2016,2,test,True,Q2,45,6,21,0,True
4,dev,2016,2,test,True,Q3,8,1,3,0,True
4,dev,2016,2,test,True,Q4,7,0,1,0,True
4,dev,2016,2,test,True,decil_0,5,2,4,1,True
4,dev,2016,2,test,True,no_declarado,36,7,26,0,True
4,dev,2017,1,train,TODOS,TODOS,189486,21026,85418,12855,False
4,dev,2017,1,train,False,Q1,36871,5266,28551,3935,False
4,dev,2017,1,train,False,Q2,36910,4447,17008,2868,False
4,dev,2017,1,train,False,Q3,33292,3555,11325,1957,False
4,dev,2017,1,train,False,Q4,34093,3252,9360,1525,False
4,dev,2017,1,train,False,Q5,34229,2350,8752,1325,False
4,dev,2017,1,train,False,decil_0,1005,121,1032,200,False
4,dev,2017,1,train,True,Q1,8838,1451,7332,758,False
4,dev,2017,1,train,True,Q2,2479,376,1243,171,False
4,dev,2017,1,train,True,Q3,914,116,375,52,True
4,dev,2017,1,train,True,Q4,484,50,206,24,True
4,dev,2017,1,train,True,Q5,227,22,81,15,True
4,dev,2017,1,train,True,decil_0,144,20,153,25,True
4,dev,2017,1,test,TODOS,TODOS,4911,530,2182,300,False
4,dev,2017,1,test,False,Q1,858,99,671,86,True
4,dev,2017,1,test,False,Q2,745,83,309,45,True
4,dev,2017,1,test,False,Q3,690,77,242,25,True
4,dev,2017,1,test,False,Q4,621,51,165,18,True
4,dev,2017,1,test,False,Q5,605,30,137,25,True
4,dev,2017,1,test,False,decil_0,13,2,14,0,True
4,dev,2017,1,test,False,no_declarado,1176,149,508,78,True
4,dev,2017,1,test,True,Q1,101,17,82,15,True
4,dev,2017,1,test,True,Q2,41,9,17,2,True
4,dev,2017,1,test,True,Q3,5,0,1,0,True
4,dev,2017,1,test,True,Q4,5,1,4,0,True
4,dev,2017,1,test,True,Q5,3,0,1,0,True
4,dev,2017,1,test,True,decil_0,3,0,3,0,True
4,dev,2017,1,test,True,no_declarado,45,12,28,6,True
4,dev,2018,1,train,TODOS,TODOS,204543,22586,91702,13735,False
4,dev,2018,1,train,False,Q1,39437,5619,30394,4170,False
4,dev,2018,1,train,False,Q2,39312,4704,18052,3028,False
4,dev,2018,1,train,False,Q3,35208,3743,11938,2025,False
4,dev,2018,1,train,False,Q4,36142,3403,9871,1595,False
4,dev,2018,1,train,False,Q5,36126,2445,9133,1383,False
4,dev,2018,1,train,False,decil_0,1038,128,1067,203,False
4,dev,2018,1,train,False,no_declarado,3580,413,1441,238,False
4,dev,2018,1,train,True,Q1,9174,1509,7600,797,False
4,dev,2018,1,train,True,Q2,2590,388,1292,174,False
4,dev,2018,1,train,True,Q3,945,119,386,52,True
4,dev,2018,1,train,True,Q4,504,52,213,24,True
4,dev,2018,1,train,True,Q5,234,22,85,16,True
4,dev,2018,1,train,True,decil_0,154,22,162,26,True
4,dev,2018,1,train,True,no_declarado,99,19,68,4,True
4,dev,2018,1,test,TODOS,TODOS,4917,572,2157,267,False
4,dev,2018,1,test,False,Q1,881,110,660,64,True
4,dev,2018,1,test,False,Q2,812,113,361,47,True
4,dev,2018,1,test,False,Q3,741,83,258,37,True
4,dev,2018,1,test,False,Q4,726,57,179,30,True
4,dev,2018,1,test,False,Q5,610,46,167,20,True
4,dev,2018,1,test,False,decil_0,15,2,15,1,True
4,dev,2018,1,test,False,no_declarado,954,138,399,58,True
4,dev,2018,1,test,True,Q1,97,15,78,8,True
4,dev,2018,1,test,True,Q2,28,2,11,0,True
4,dev,2018,1,test,True,Q3,12,2,7,0,True
4,dev,2018,1,test,True,Q4,11,0,7,1,True
4,dev,2018,1,test,True,Q5,6,1,2,0,True
4,dev,2018,1,test,True,decil_0,1,0,1,0,True
4,dev,2018,1,test,True,no_declarado,23,3,12,1,True
4,dev,2019,1,train,TODOS,TODOS,224178,24761,100436,14889,False
4,dev,2019,1,train,False,Q1,43010,6113,33096,4495,False
4,dev,2019,1,train,False,Q2,42501,5091,19444,3242,False
4,dev,2019,1,train,False,Q3,38009,4029,12889,2152,False
4,dev,2019,1,train,False,Q4,38712,3631,10553,1678,False
4,dev,2019,1,train,False,Q5,38668,2617,9753,1472,False
4,dev,2019,1,train,False,decil_0,1084,135,1118,211,False
4,dev,2019,1,train,False,no_declarado,7697,894,3251,486,False
4,dev,2019,1,train,True,Q1,9638,1577,7965,838,False
4,dev,2019,1,train,True,Q2,2731,409,1353,181,False
4,dev,2019,1,train,True,Q3,984,122,401,53,True
4,dev,2019,1,train,True,Q4,526,56,224,24,True
4,dev,2019,1,train,True,Q5,245,23,88,16,True
4,dev,2019,1,train,True,decil_0,159,23,168,26,True
4,dev,2019,1,train,True,no_declarado,214,41,133,15,True
4,dev,2019,1,test,TODOS,TODOS,4562,528,2062,233,False
4,dev,2019,1,test,False,Q1,841,131,666,65,True
4,dev,2019,1,test,False,Q2,828,110,364,53,True
4,dev,2019,1,test,False,Q3,664,79,215,19,True
4,dev,2019,1,test,False,Q4,647,54,175,17,True
4,dev,2019,1,test,False,Q5,594,31,154,23,True
4,dev,2019,1,test,False,decil_0,17,4,15,0,True
4,dev,2019,1,test,False,no_declarado,821,95,370,48,True
4,dev,2019,1,test,True,Q1,90,17,78,6,True
4,dev,2019,1,test,True,Q2,31,2,10,1,True
4,dev,2019,1,test,True,Q3,11,0,2,1,True
4,dev,2019,1,test,True,Q4,3,1,0,0,True
4,dev,2019,1,test,True,Q5,1,1,2,0,True
4,dev,2019,1,test,True,decil_0,1,0,1,0,True
4,dev,2019,1,test,True,no_declarado,13,3,10,0,True
4,dev,2020,1,train,TODOS,TODOS,243924,27006,109167,15926,False
4,dev,2020,1,train,False,Q1,46549,6615,35740,4779,False
4,dev,2020,1,train,False,Q2,45751,5524,20925,3422,False
4,dev,2020,1,train,False,Q3,40903,4348,13928,2284,False
4,dev,2020,1,train,False,Q4,41551,3888,11304,1783,False
4,dev,2020,1,train,False,Q5,41384,2767,10471,1556,False
4,dev,2020,1,train,False,decil_0,1138,140,1175,220,False
4,dev,2020,1,train,False,no_declarado,11387,1360,4783,681,False
4,dev,2020,1,train,True,Q1,10064,1649,8321,871,False
4,dev,2020,1,train,True,Q2,2868,426,1416,188,False
4,dev,2020,1,train,True,Q3,1030,126,421,53,True
4,dev,2020,1,train,True,Q4,558,59,237,25,True
4,dev,2020,1,train,True,Q5,263,24,94,16,True
4,dev,2020,1,train,True,decil_0,162,23,171,27,True
4,dev,2020,1,train,True,no_declarado,316,57,181,21,True
4,dev,2020,1,test,TODOS,TODOS,4206,487,2001,197,False
4,dev,2020,1,test,False,Q1,790,114,614,51,True
4,dev,2020,1,test,False,Q2,824,119,400,40,True
4,dev,2020,1,test,False,Q3,624,72,232,23,True
4,dev,2020,1,test,False,Q4,564,48,190,15,True
4,dev,2020,1,test,False,Q5,555,31,139,20,True
4,dev,2020,1,test,False,decil_0,14,0,14,2,True
4,dev,2020,1,test,False,no_declarado,681,75,307,39,True
4,dev,2020,1,test,True,Q1,91,18,75,4,True
4,dev,2020,1,test,True,Q2,31,7,15,1,True
4,dev,2020,1,test,True,Q3,14,1,3,0,True
4,dev,2020,1,test,True,Q4,7,0,3,0,True
4,dev,2020,1,test,True,Q5,1,0,1,0,True
4,dev,2020,1,test,True,decil_0,0,0,0,0,True
4,dev,2020,1,test,True,no_declarado,10,2,8,2,True
4,dev,2021,1,train,TODOS,TODOS,260226,28847,116890,16753,False
4,dev,2021,1,train,False,Q1,49558,7056,38201,5011,False
4,dev,2021,1,train,False,Q2,48720,5931,22375,3600,False
4,dev,2021,1,train,False,Q3,43451,4637,14829,2370,False
4,dev,2021,1,train,False,Q4,44027,4106,12015,1866,False
4,dev,2021,1,train,False,Q5,43631,2888,11059,1644,False
4,dev,2021,1,train,False,decil_0,1202,148,1239,227,False
4,dev,2021,1,train,False,no_declarado,13822,1628,5916,809,False
4,dev,2021,1,train,True,Q1,10395,1705,8629,887,False
4,dev,2021,1,train,True,Q2,2970,442,1457,191,False
4,dev,2021,1,train,True,Q3,1079,132,435,54,True
4,dev,2021,1,train,True,Q4,583,61,245,26,True
4,dev,2021,1,train,True,Q5,267,25,100,16,True
4,dev,2021,1,train,True,decil_0,165,23,175,28,True
4,dev,2021,1,train,True,no_declarado,356,65,215,24,True
4,dev,2021,1,test,TODOS,TODOS,3775,406,1810,226,False
4,dev,2021,1,test,False,Q1,639,101,538,67,True
4,dev,2021,1,test,False,Q2,769,103,380,46,True
4,dev,2021,1,test,False,Q3,604,55,224,27,True
4,dev,2021,1,test,False,Q4,555,48,153,21,True
4,dev,2021,1,test,False,Q5,471,21,104,19,True
4,dev,2021,1,test,False,decil_0,14,1,18,0,True
4,dev,2021,1,test,False,no_declarado,617,59,307,40,True
4,dev,2021,1,test,True,Q1,68,8,63,4,True
4,dev,2021,1,test,True,Q2,20,4,13,1,True
4,dev,2021,1,test,True,Q3,5,1,2,0,True
4,dev,2021,1,test,True,Q4,1,0,0,0,True
4,dev,2021,1,test,True,Q5,1,0,0,0,True
4,dev,2021,1,test,True,decil_0,1,1,1,0,True
4,dev,2021,1,test,True,no_declarado,10,4,7,1,True
4,dev,2022,1,train,TODOS,TODOS,274011,30337,123344,17496,False
4,dev,2022,1,train,False,Q1,51760,7383,39951,5201,False
4,dev,2022,1,train,False,Q2,51591,6285,23864,3774,False
4,dev,2022,1,train,False,Q3,45629,4868,15687,2467,False
4,dev,2022,1,train,False,Q4,46189,4291,12669,1949,False
4,dev,2022,1,train,False,Q5,45371,2990,11450,1704,False
4,dev,2022,1,train,False,decil_0,1262,152,1291,236,False
4,dev,2022,1,train,False,no_declarado,15929,1836,6840,917,False
4,dev,2022,1,train,True,Q1,10639,1748,8839,900,False
4,dev,2022,1,train,True,Q2,3080,465,1526,196,False
4,dev,2022,1,train,True,Q3,1122,137,452,55,True
4,dev,2022,1,train,True,Q4,604,62,252,27,True
4,dev,2022,1,train,True,Q5,272,25,102,16,True
4,dev,2022,1,train,True,decil_0,166,23,176,28,True
4,dev,2022,1,train,True,no_declarado,397,72,245,26,True
4,dev,2022,1,test,TODOS,TODOS,4525,520,2128,284,False
4,dev,2022,1,test,False,Q1,772,107,610,65,True
4,dev,2022,1,test,False,Q2,809,111,404,61,True
4,dev,2022,1,test,False,Q3,651,69,267,40,True
4,dev,2022,1,test,False,Q4,597,51,175,21,True
4,dev,2022,1,test,False,Q5,593,42,128,12,True
4,dev,2022,1,test,False,decil_0,12,0,12,2,True
4,dev,2022,1,test,False,no_declarado,943,117,418,69,True
4,dev,2022,1,test,True,Q1,81,18,80,8,True
4,dev,2022,1,test,True,Q2,23,2,10,2,True
4,dev,2022,1,test,True,Q3,17,2,8,0,True
4,dev,2022,1,test,True,Q4,4,0,2,1,True
4,dev,2022,1,test,True,Q5,2,0,0,0,True
4,dev,2022,1,test,True,no_declarado,21,1,14,3,True
4,holdout,2023,1,train,TODOS,TODOS,289899,32091,130798,18486,False
4,holdout,2023,1,train,False,Q1,54510,7806,42132,5484,False
4,holdout,2023,1,train,False,Q2,54535,6640,25338,3975,False
4,holdout,2023,1,train,False,Q3,47938,5129,16569,2580,False
4,holdout,2023,1,train,False,Q4,48591,4489,13339,2042,False
4,holdout,2023,1,train,False,Q5,47427,3106,11931,1783,False
4,holdout,2023,1,train,False,decil_0,1314,159,1349,242,False
4,holdout,2023,1,train,False,no_declarado,18889,2157,8217,1109,False
4,holdout,2023,1,train,True,Q1,10899,1785,9071,914,False
4,holdout,2023,1,train,True,Q2,3157,478,1568,200,False
4,holdout,2023,1,train,True,Q3,1147,144,469,57,True
4,holdout,2023,1,train,True,Q4,613,64,256,28,True
4,holdout,2023,1,train,True,Q5,278,25,105,16,True
4,holdout,2023,1,train,True,decil_0,167,24,177,28,True
4,holdout,2023,1,train,True,no_declarado,434,85,277,28,True
4,holdout,2023,1,test,TODOS,TODOS,33655,3822,15892,1892,False
4,holdout,2023,1,test,False,Q1,5681,758,4515,459,False
4,holdout,2023,1,test,False,Q2,5310,674,2743,298,False
4,holdout,2023,1,test,False,Q3,4911,529,1840,261,False
4,holdout,2023,1,test,False,Q4,4639,436,1378,166,False
4,holdout,2023,1,test,False,Q5,4249,271,1054,128,False
4,holdout,2023,1,test,False,decil_0,88,9,92,16,True
4,holdout,2023,1,test,False,no_declarado,7817,1020,3579,513,False
4,holdout,2023,1,test,True,Q1,514,73,437,24,True
4,holdout,2023,1,test,True,Q2,156,20,81,10,True
4,holdout,2023,1,test,True,Q3,61,7,28,2,True
4,holdout,2023,1,test,True,Q4,45,4,17,1,True
4,holdout,2023,1,test,True,Q5,15,0,4,0,True
4,holdout,2023,1,test,True,decil_0,3,0,3,0,True
4,holdout,2023,1,test,True,no_declarado,166,21,121,14,True
