anio,trimestre,era,quintil,n_hogares,pct_hogares,pct_personas
2003,3,historica,Q1,2878,19.44,26.95
2003,3,historica,Q2,2759,19.43,22.91
2003,3,historica,Q3,2436,19.42,17.93
2003,3,historica,Q4,2467,19.44,16.62
2003,3,historica,Q5,2264,19.43,13.62
2003,3,historica,sin_quintil,376,2.83,1.97
2003,4,historica,Q1,2936,19.43,27.46
2003,4,historica,Q2,2831,19.46,22.8
2003,4,historica,Q3,2639,19.42,18.26
2003,4,historica,Q4,2394,19.44,15.96
2003,4,historica,Q5,2192,19.44,13.48
2003,4,historica,sin_quintil,333,2.81,2.04
2004,1,historica,Q1,2967,19.63,27.28
2004,1,historica,Q2,2618,19.62,22.88
2004,1,historica,Q3,2598,19.62,18.61
2004,1,historica,Q4,2278,19.62,16.3
2004,1,historica,Q5,2087,19.62,13.41
2004,1,historica,sin_quintil,268,1.89,1.51
2004,2,historica,Q1,3077,18.84,26.79
2004,2,historica,Q2,2697,18.85,22.1
2004,2,historica,Q3,2657,18.85,18.21
2004,2,historica,Q4,2468,18.85,16.03
2004,2,historica,Q5,2285,18.84,13.35
2004,2,historica,sin_quintil,625,5.77,3.52
2004,3,historica,Q1,3106,19.73,27.87
2004,3,historica,Q2,2921,19.72,22.53
2004,3,historica,Q3,2707,19.72,18.47
2004,3,historica,Q4,2590,19.74,16.55
2004,3,historica,Q5,2301,19.73,13.61
2004,3,historica,sin_quintil,181,1.37,0.97
2004,4,historica,Q1,3109,19.68,28.34
2004,4,historica,Q2,2881,19.68,22.42
2004,4,historica,Q3,2587,19.67,18.47
2004,4,historica,Q4,2486,19.69,15.99
2004,4,historica,Q5,2255,19.68,13.52
2004,4,historica,sin_quintil,179,1.6,1.27
2005,1,historica,Q1,3111,19.73,27.53
2005,1,historica,Q2,2789,19.75,23.34
2005,1,historica,Q3,2676,19.74,18.4
2005,1,historica,Q4,2524,19.74,16.26
2005,1,historica,Q5,2317,19.74,13.47
2005,1,historica,sin_quintil,180,1.31,1.0
2005,2,historica,Q1,3052,19.74,27.81
2005,2,historica,Q2,2764,19.74,22.68
2005,2,historica,Q3,2700,19.74,18.08
2005,2,historica,Q4,2491,19.73,16.75
2005,2,historica,Q5,2347,19.74,13.72
2005,2,historica,sin_quintil,157,1.32,0.96
2005,3,historica,Q1,3200,19.76,27.9
2005,3,historica,Q2,2827,19.76,22.03
2005,3,historica,Q3,2668,19.75,18.98
2005,3,historica,Q4,2647,19.75,16.49
2005,3,historica,Q5,2308,19.76,13.69
2005,3,historica,sin_quintil,157,1.22,0.9
2005,4,historica,Q1,3156,19.81,28.12
2005,4,historica,Q2,2830,19.82,22.56
2005,4,historica,Q3,2674,19.82,18.55
2005,4,historica,Q4,2561,19.82,16.71
2005,4,historica,Q5,2355,19.81,13.36
2005,4,historica,sin_quintil,128,0.92,0.7
2006,1,historica,Q1,3060,19.72,27.9
2006,1,historica,Q2,2874,19.71,22.18
2006,1,historica,Q3,2522,19.72,18.83
2006,1,historica,Q4,2512,19.71,16.6
2006,1,historica,Q5,2200,19.71,13.56
2006,1,historica,sin_quintil,147,1.43,0.93
2006,2,historica,Q1,3235,19.77,27.7
2006,2,historica,Q2,2953,19.78,22.7
2006,2,historica,Q3,2629,19.77,18.2
2006,2,historica,Q4,2588,19.78,16.47
2006,2,historica,Q5,2430,19.77,14.18
2006,2,historica,sin_quintil,127,1.12,0.75
2006,3,historica,Q1,4238,19.79,27.46
2006,3,historica,Q2,3942,19.78,22.47
2006,3,historica,Q3,3546,19.79,18.36
2006,3,historica,Q4,3609,19.78,17.0
2006,3,historica,Q5,3350,19.79,13.99
2006,3,historica,sin_quintil,181,1.07,0.73
2006,4,historica,Q1,4129,19.83,28.36
2006,4,historica,Q2,3749,19.81,22.73
2006,4,historica,Q3,3695,19.82,17.87
2006,4,historica,Q4,3518,19.83,16.75
2006,4,historica,Q5,3401,19.82,13.67
2006,4,historica,sin_quintil,163,0.89,0.61
2007,1,historica,Q1,4132,19.8,27.37
2007,1,historica,Q2,3730,19.8,22.73
2007,1,historica,Q3,3626,19.8,18.54
2007,1,historica,Q4,3399,19.81,16.88
2007,1,historica,Q5,3296,19.81,13.77
2007,1,historica,sin_quintil,177,0.97,0.71
2007,2,historica,Q1,4226,19.86,28.11
2007,2,historica,Q2,3806,19.84,22.52
2007,2,historica,Q3,3645,19.86,18.19
2007,2,historica,Q4,3534,19.87,16.91
2007,2,historica,Q5,3171,19.85,13.71
2007,2,historica,sin_quintil,144,0.72,0.56
2007,4,historica,Q1,3940,19.78,28.22
2007,4,historica,Q2,3781,19.77,21.91
2007,4,historica,Q3,3419,19.79,18.39
2007,4,historica,Q4,3309,19.77,16.68
2007,4,historica,Q5,3285,19.78,13.91
2007,4,historica,sin_quintil,157,1.1,0.88
2008,1,historica,Q1,4092,19.82,27.63
2008,1,historica,Q2,3765,19.83,22.46
2008,1,historica,Q3,3424,19.82,17.67
2008,1,historica,Q4,3316,19.82,17.21
2008,1,historica,Q5,3391,19.83,14.25
2008,1,historica,sin_quintil,135,0.88,0.77
2008,2,historica,Q1,4058,19.82,28.27
2008,2,historica,Q2,3807,19.82,22.11
2008,2,historica,Q3,3501,19.82,17.97
2008,2,historica,Q4,3416,19.82,17.2
2008,2,historica,Q5,3289,19.81,13.79
2008,2,historica,sin_quintil,153,0.91,0.66
2008,3,historica,Q1,4020,19.81,28.47
2008,3,historica,Q2,3800,19.81,21.6
2008,3,historica,Q3,3741,19.81,18.97
2008,3,historica,Q4,3325,19.8,16.39
2008,3,historica,Q5,3287,19.81,13.84
2008,3,historica,sin_quintil,153,0.96,0.73
2008,4,historica,Q1,4141,19.87,28.3
2008,4,historica,Q2,3713,19.86,21.98
2008,4,historica,Q3,3520,19.86,18.78
2008,4,historica,Q4,3407,19.87,16.73
2008,4,historica,Q5,3308,19.87,13.73
2008,4,historica,sin_quintil,128,0.66,0.47
2009,1,historica,Q1,4168,19.81,28.01
2009,1,historica,Q2,3692,19.81,21.47
2009,1,historica,Q3,3466,19.78,19.02
2009,1,historica,Q4,3237,19.81,17.34
2009,1,historica,Q5,3081,19.8,13.41
2009,1,historica,sin_quintil,176,0.99,0.76
2009,2,historica,Q1,4094,19.84,27.63
2009,2,historica,Q2,3547,19.83,22.41
2009,2,historica,Q3,3548,19.83,18.23
2009,2,historica,Q4,3400,19.84,17.43
2009,2,historica,Q5,3160,19.83,13.58
2009,2,historica,sin_quintil,155,0.84,0.72
2009,3,historica,Q1,4093,19.78,28.22
2009,3,historica,Q2,3696,19.78,21.12
2009,3,historica,Q3,3528,19.79,19.23
2009,3,historica,Q4,3386,19.78,17.21
2009,3,historica,Q5,3285,19.78,13.45
2009,3,historica,sin_quintil,161,1.09,0.76
2009,4,historica,Q1,4012,19.82,28.14
2009,4,historica,Q2,3562,19.84,22.01
2009,4,historica,Q3,3448,19.83,18.83
2009,4,historica,Q4,3409,19.82,17.18
2009,4,historica,Q5,3236,19.84,13.27
2009,4,historica,sin_quintil,140,0.86,0.57
2010,1,historica,Q1,4156,19.8,27.62
2010,1,historica,Q2,3447,19.81,22.04
2010,1,historica,Q3,3355,19.81,19.2
2010,1,historica,Q4,3238,19.78,16.92
2010,1,historica,Q5,3139,19.81,13.53
2010,1,historica,sin_quintil,143,1.0,0.69
2010,2,historica,Q1,4085,19.83,27.57
2010,2,historica,Q2,3591,19.83,22.32
2010,2,historica,Q3,3449,19.82,19.21
2010,2,historica,Q4,3376,19.84,16.62
2010,2,historica,Q5,3183,19.82,13.78
2010,2,historica,sin_quintil,129,0.85,0.5
2010,3,historica,Q1,4169,19.85,28.03
2010,3,historica,Q2,3525,19.84,21.61
2010,3,historica,Q3,3463,19.84,19.26
2010,3,historica,Q4,3507,19.85,17.14
2010,3,historica,Q5,3246,19.84,13.45
2010,3,historica,sin_quintil,135,0.78,0.52
2010,4,historica,Q1,4039,19.85,28.1
2010,4,historica,Q2,3628,19.87,22.32
2010,4,historica,Q3,3467,19.86,18.73
2010,4,historica,Q4,3303,19.86,17.11
2010,4,historica,Q5,3249,19.86,13.27
2010,4,historica,sin_quintil,126,0.71,0.48
2011,1,historica,Q1,3996,19.87,28.47
2011,1,historica,Q2,3503,19.87,22.12
2011,1,historica,Q3,3531,19.86,19.12
2011,1,historica,Q4,3183,19.87,16.26
2011,1,historica,Q5,3277,19.86,13.48
2011,1,historica,sin_quintil,117,0.66,0.54
2011,2,historica,Q1,4159,19.81,28.28
2011,2,historica,Q2,3804,19.81,22.26
2011,2,historica,Q3,3494,19.81,18.99
2011,2,historica,Q4,3297,19.82,16.71
2011,2,historica,Q5,3109,19.79,13.11
2011,2,historica,sin_quintil,138,0.96,0.65
2011,3,historica,Q1,4071,19.85,27.71
2011,3,historica,Q2,3662,19.85,22.06
2011,3,historica,Q3,3417,19.86,19.4
2011,3,historica,Q4,3230,19.86,17.03
2011,3,historica,Q5,3260,19.85,13.35
2011,3,historica,sin_quintil,121,0.72,0.45
2011,4,historica,Q1,3858,19.86,28.1
2011,4,historica,Q2,3684,19.86,23.12
2011,4,historica,Q3,3405,19.86,18.76
2011,4,historica,Q4,3479,19.86,16.31
2011,4,historica,Q5,3156,19.86,13.3
2011,4,historica,sin_quintil,104,0.69,0.41
2012,1,historica,Q1,3820,19.78,28.47
2012,1,historica,Q2,3644,19.78,21.96
2012,1,historica,Q3,3305,19.77,19.05
2012,1,historica,Q4,3246,19.77,16.59
2012,1,historica,Q5,3134,19.78,13.14
2012,1,historica,sin_quintil,153,1.11,0.79
2012,2,historica,Q1,3865,19.87,28.71
2012,2,historica,Q2,3616,19.87,22.46
2012,2,historica,Q3,3404,19.87,18.13
2012,2,historica,Q4,3297,19.87,17.29
2012,2,historica,Q5,3359,19.87,12.95
2012,2,historica,sin_quintil,95,0.66,0.46
2012,3,historica,Q1,3782,19.87,27.87
2012,3,historica,Q2,3656,19.87,22.35
2012,3,historica,Q3,3510,19.87,18.82
2012,3,historica,Q4,3225,19.89,17.5
2012,3,historica,Q5,3119,19.86,13.02
2012,3,historica,sin_quintil,111,0.64,0.44
2012,4,historica,Q1,3723,19.88,28.54
2012,4,historica,Q2,3539,19.89,23.99
2012,4,historica,Q3,3327,19.9,17.82
2012,4,historica,Q4,3209,19.89,16.66
2012,4,historica,Q5,3068,19.89,12.64
2012,4,historica,sin_quintil,87,0.55,0.36
2013,1,historica,Q1,3793,19.89,28.99
2013,1,historica,Q2,3449,19.87,22.31
2013,1,historica,Q3,3328,19.9,18.85
2013,1,historica,Q4,3276,19.86,16.28
2013,1,historica,Q5,3048,19.88,13.17
2013,1,historica,sin_quintil,119,0.6,0.39
2013,2,historica,Q1,3871,19.86,28.76
2013,2,historica,Q2,3542,19.85,23.3
2013,2,historica,Q3,3314,19.85,17.94
2013,2,historica,Q4,3253,19.87,16.73
2013,2,historica,Q5,3289,19.84,12.82
2013,2,historica,sin_quintil,110,0.72,0.45
2013,3,historica,Q1,3784,19.85,28.2
2013,3,historica,Q2,3588,19.84,22.66
2013,3,historica,Q3,3443,19.84,18.73
2013,3,historica,Q4,3276,19.84,16.96
2013,3,historica,Q5,3164,19.85,12.89
2013,3,historica,sin_quintil,123,0.77,0.57
2013,4,historica,Q1,3662,19.81,28.56
2013,4,historica,Q2,3655,19.81,23.18
2013,4,historica,Q3,3493,19.81,17.98
2013,4,historica,Q4,3240,19.8,17.33
2013,4,historica,Q5,3282,19.81,12.33
2013,4,historica,sin_quintil,154,0.95,0.62
2014,1,historica,Q1,3763,19.77,28.36
2014,1,historica,Q2,3615,19.76,22.73
2014,1,historica,Q3,3522,19.77,18.76
2014,1,historica,Q4,3388,19.76,16.16
2014,1,historica,Q5,3357,19.77,13.18
2014,1,historica,sin_quintil,152,1.17,0.8
2014,2,historica,Q1,3846,19.82,28.34
2014,2,historica,Q2,3883,19.83,23.61
2014,2,historica,Q3,3550,19.81,17.95
2014,2,historica,Q4,3721,19.82,16.63
2014,2,historica,Q5,3642,19.83,12.9
2014,2,historica,sin_quintil,138,0.9,0.58
2014,3,historica,Q1,3805,19.81,28.25
2014,3,historica,Q2,3893,19.83,23.56
2014,3,historica,Q3,3863,19.82,18.36
2014,3,historica,Q4,3716,19.82,16.19
2014,3,historica,Q5,3623,19.81,13.0
2014,3,historica,sin_quintil,141,0.9,0.64
2014,4,historica,Q1,3903,19.81,28.68
2014,4,historica,Q2,3876,19.81,23.95
2014,4,historica,Q3,3746,19.81,17.59
2014,4,historica,Q4,3680,19.81,16.54
2014,4,historica,Q5,3567,19.81,12.69
2014,4,historica,sin_quintil,137,0.94,0.55
2015,1,historica,Q1,3884,19.86,28.56
2015,1,historica,Q2,3810,19.86,22.99
2015,1,historica,Q3,3626,19.86,18.48
2015,1,historica,Q4,3684,19.86,16.31
2015,1,historica,Q5,3616,19.86,13.18
2015,1,historica,sin_quintil,123,0.68,0.48
2015,2,historica,Q1,3639,19.83,28.24
2015,2,historica,Q2,3795,19.83,23.56
2015,2,historica,Q3,3719,19.83,17.98
2015,2,historica,Q4,3798,19.83,16.93
2015,2,historica,Q5,3791,19.83,12.78
2015,2,historica,sin_quintil,133,0.85,0.51
2016,2,regular,Q1,3353,15.56,22.35
2016,2,regular,Q2,3190,14.63,16.56
2016,2,regular,Q3,2758,14.46,12.4
2016,2,regular,Q4,2909,13.96,10.61
2016,2,regular,Q5,2319,13.55,8.68
2016,2,regular,sin_quintil,4267,27.83,29.4
2016,3,regular,Q1,3236,15.08,21.76
2016,3,regular,Q2,3098,14.2,15.39
2016,3,regular,Q3,2799,13.92,12.46
2016,3,regular,Q4,2713,13.67,10.62
2016,3,regular,Q5,2427,13.55,8.38
2016,3,regular,sin_quintil,4527,29.58,31.38
2016,4,regular,Q1,3193,14.98,21.49
2016,4,regular,Q2,2922,14.25,15.67
2016,4,regular,Q3,2840,13.91,12.24
2016,4,regular,Q4,2596,13.52,10.12
2016,4,regular,Q5,2349,13.32,8.19
2016,4,regular,sin_quintil,4472,30.02,32.29
2017,1,regular,Q1,3175,15.35,21.86
2017,1,regular,Q2,2810,14.26,15.72
2017,1,regular,Q3,2924,13.82,12.36
2017,1,regular,Q4,2734,13.62,10.46
2017,1,regular,Q5,2378,13.42,8.28
2017,1,regular,sin_quintil,4456,29.53,31.33
2017,2,regular,Q1,3377,15.97,23.03
2017,2,regular,Q2,3097,14.97,16.84
2017,2,regular,Q3,2971,14.57,12.6
2017,2,regular,Q4,2934,14.35,11.49
2017,2,regular,Q5,2528,14.09,8.7
2017,2,regular,sin_quintil,3964,26.06,27.35
2017,3,regular,Q1,3480,15.74,22.3
2017,3,regular,Q2,3059,14.93,16.03
2017,3,regular,Q3,3143,14.73,13.24
2017,3,regular,Q4,2758,14.5,11.36
2017,3,regular,Q5,2620,14.37,8.98
2017,3,regular,sin_quintil,3746,25.74,28.1
2017,4,regular,Q1,3424,15.67,22.49
2017,4,regular,Q2,3232,14.8,16.14
2017,4,regular,Q3,3084,14.46,12.9
2017,4,regular,Q4,2672,14.17,10.74
2017,4,regular,Q5,2670,14.02,8.65
2017,4,regular,sin_quintil,3711,26.88,29.07
2018,1,regular,Q1,3334,15.49,21.82
2018,1,regular,Q2,3124,14.91,15.99
2018,1,regular,Q3,3124,14.45,13.39
2018,1,regular,Q4,2909,14.2,11.01
2018,1,regular,Q5,2486,14.06,8.84
2018,1,regular,sin_quintil,3647,26.89,28.95
2018,2,regular,Q1,3336,16.0,22.93
2018,2,regular,Q2,3128,14.99,16.39
2018,2,regular,Q3,3129,14.89,12.99
2018,2,regular,Q4,2904,14.19,11.35
2018,2,regular,Q5,2642,14.13,8.74
2018,2,regular,sin_quintil,3447,25.79,27.59
2018,3,regular,Q1,3398,15.93,22.37
2018,3,regular,Q2,3102,15.09,16.22
2018,3,regular,Q3,3044,14.57,13.33
2018,3,regular,Q4,2769,14.1,11.55
2018,3,regular,Q5,2617,14.24,8.65
2018,3,regular,sin_quintil,3434,26.07,27.88
2018,4,regular,Q1,3392,15.98,22.76
2018,4,regular,Q2,3220,15.21,16.45
2018,4,regular,Q3,2997,14.8,13.32
2018,4,regular,Q4,2937,14.61,11.68
2018,4,regular,Q5,2792,14.41,9.12
2018,4,regular,sin_quintil,3278,24.99,26.67
2019,1,regular,Q1,3545,15.71,22.59
2019,1,regular,Q2,3600,15.01,16.61
2019,1,regular,Q3,3116,14.72,13.3
2019,1,regular,Q4,2872,14.57,11.12
2019,1,regular,Q5,2561,14.31,8.98
2019,1,regular,sin_quintil,3644,25.68,27.4
2019,2,regular,Q1,3710,16.64,23.78
2019,2,regular,Q2,3676,15.71,17.12
2019,2,regular,Q3,3316,15.02,13.96
2019,2,regular,Q4,2937,14.71,11.38
2019,2,regular,Q5,2711,14.59,9.25
2019,2,regular,sin_quintil,2901,23.33,24.51
2019,3,regular,Q1,3586,16.38,23.26
2019,3,regular,Q2,3320,15.47,16.61
2019,3,regular,Q3,3102,14.97,14.24
2019,3,regular,Q4,3091,14.98,11.84
2019,3,regular,Q5,2531,14.95,9.27
2019,3,regular,sin_quintil,2980,23.25,24.79
2019,4,regular,Q1,3461,15.77,22.67
2019,4,regular,Q2,3647,15.28,16.56
2019,4,regular,Q3,3228,14.82,13.52
2019,4,regular,Q4,3122,14.72,11.49
2019,4,regular,Q5,2421,14.51,8.91
2019,4,regular,sin_quintil,3156,24.9,26.86
2020,1,regular,Q1,3114,15.37,21.89
2020,1,regular,Q2,3108,14.82,16.74
2020,1,regular,Q3,2773,14.55,13.43
2020,1,regular,Q4,2685,14.64,11.18
2020,1,regular,Q5,2283,14.46,8.64
2020,1,regular,sin_quintil,2882,26.15,28.12
2020,2,regular,Q1,1859,15.89,22.49
2020,2,regular,Q2,2208,15.27,18.42
2020,2,regular,Q3,2023,14.99,13.83
2020,2,regular,Q4,2297,14.96,11.86
2020,2,regular,Q5,1619,14.25,8.42
2020,2,regular,sin_quintil,1970,24.64,24.99
2020,3,regular,Q1,2059,15.95,22.56
2020,3,regular,Q2,2565,15.2,18.13
2020,3,regular,Q3,2475,14.87,13.29
2020,3,regular,Q4,2227,14.42,11.11
2020,3,regular,Q5,1860,14.34,8.81
2020,3,regular,sin_quintil,2317,25.22,26.1
2020,4,regular,Q1,2066,15.25,21.39
2020,4,regular,Q2,2725,14.7,17.39
2020,4,regular,Q3,2467,14.61,12.21
2020,4,regular,Q4,2571,14.69,11.67
2020,4,regular,Q5,2002,14.72,8.89
2020,4,regular,sin_quintil,2611,26.02,28.44
2021,1,regular,Q1,2612,15.67,21.3
2021,1,regular,Q2,2825,14.71,16.54
2021,1,regular,Q3,2582,14.21,13.05
2021,1,regular,Q4,2526,14.29,11.73
2021,1,regular,Q5,2046,14.23,8.86
2021,1,regular,sin_quintil,2832,26.89,28.52
2021,2,regular,Q1,2791,15.71,21.55
2021,2,regular,Q2,2789,14.57,16.81
2021,2,regular,Q3,2549,14.46,12.92
2021,2,regular,Q4,2533,14.31,11.13
2021,2,regular,Q5,2000,13.57,8.89
2021,2,regular,sin_quintil,2958,27.38,28.7
2021,3,regular,Q1,2750,14.73,20.31
2021,3,regular,Q2,2728,14.07,15.83
2021,3,regular,Q3,2698,13.76,12.48
2021,3,regular,Q4,2581,13.45,10.65
2021,3,regular,Q5,2182,13.14,8.33
2021,3,regular,sin_quintil,3346,30.85,32.41
2021,4,regular,Q1,2882,14.94,20.92
2021,4,regular,Q2,2948,14.25,15.55
2021,4,regular,Q3,2659,13.54,11.9
2021,4,regular,Q4,2736,13.36,10.57
2021,4,regular,Q5,2230,13.09,8.21
2021,4,regular,sin_quintil,3582,30.81,32.85
2022,1,regular,Q1,2711,14.48,19.57
2022,1,regular,Q2,2982,14.03,15.53
2022,1,regular,Q3,2674,13.48,12.41
2022,1,regular,Q4,2504,13.14,10.52
2022,1,regular,Q5,2398,13.18,8.31
2022,1,regular,sin_quintil,3629,31.69,33.66
2022,2,regular,Q1,2817,14.73,20.52
2022,2,regular,Q2,2916,14.13,15.98
2022,2,regular,Q3,2915,13.64,12.15
2022,2,regular,Q4,2615,13.34,10.57
2022,2,regular,Q5,2336,13.47,8.59
2022,2,regular,sin_quintil,3768,30.68,32.19
2022,3,regular,Q1,2662,14.2,19.6
2022,3,regular,Q2,2839,14.27,15.29
2022,3,regular,Q3,2772,13.63,12.14
2022,3,regular,Q4,2743,13.55,10.89
2022,3,regular,Q5,2193,13.37,8.34
2022,3,regular,sin_quintil,3677,30.98,33.75
2022,4,regular,Q1,2838,15.06,21.32
2022,4,regular,Q2,2885,14.04,15.5
2022,4,regular,Q3,2723,13.59,12.33
2022,4,regular,Q4,2405,13.12,10.3
2022,4,regular,Q5,2150,12.93,8.03
2022,4,regular,sin_quintil,3739,31.26,32.52
2023,1,regular,Q1,2747,14.22,20.18
2023,1,regular,Q2,2715,13.55,15.06
2023,1,regular,Q3,2782,13.57,11.72
2023,1,regular,Q4,2570,13.43,10.47
2023,1,regular,Q5,2167,13.13,8.02
2023,1,regular,sin_quintil,3834,32.1,34.55
2023,2,regular,Q1,2800,14.7,20.5
2023,2,regular,Q2,2912,14.21,15.71
2023,2,regular,Q3,2820,13.95,12.36
2023,2,regular,Q4,2524,13.35,10.56
2023,2,regular,Q5,2219,13.36,8.55
2023,2,regular,sin_quintil,3715,30.43,32.32
2023,3,regular,Q1,2833,14.68,20.37
2023,3,regular,Q2,2908,14.15,14.54
2023,3,regular,Q3,2502,13.44,12.48
2023,3,regular,Q4,2478,13.15,10.57
2023,3,regular,Q5,2085,13.22,8.2
2023,3,regular,sin_quintil,3850,31.36,33.83
2023,4,regular,Q1,2686,14.63,20.33
2023,4,regular,Q2,2686,14.15,15.31
2023,4,regular,Q3,2679,13.95,12.35
2023,4,regular,Q4,2380,13.83,10.86
2023,4,regular,Q5,2200,14.07,8.79
2023,4,regular,sin_quintil,3831,29.36,32.36
2024,1,regular,Q1,2591,14.69,19.86
2024,1,regular,Q2,2587,13.81,15.2
2024,1,regular,Q3,2806,14.24,12.17
2024,1,regular,Q4,2460,13.73,10.87
2024,1,regular,Q5,2017,13.63,8.66
2024,1,regular,sin_quintil,3643,29.89,33.23
2024,2,regular,Q1,2714,14.42,18.84
2024,2,regular,Q2,2766,13.99,15.05
2024,2,regular,Q3,2738,14.06,12.85
2024,2,regular,Q4,2412,13.4,11.09
2024,2,regular,Q5,2024,13.73,8.52
2024,2,regular,sin_quintil,3799,30.4,33.65
2024,3,regular,Q1,2776,14.71,20.16
2024,3,regular,Q2,2837,14.21,14.76
2024,3,regular,Q3,2536,13.87,12.42
2024,3,regular,Q4,2361,13.24,10.67
2024,3,regular,Q5,1993,13.56,8.8
2024,3,regular,sin_quintil,4147,30.39,33.18
2024,4,regular,Q1,2586,14.23,19.56
2024,4,regular,Q2,2639,13.65,14.09
2024,4,regular,Q3,2582,13.43,12.54
2024,4,regular,Q4,2324,13.43,10.76
2024,4,regular,Q5,2100,13.73,8.35
2024,4,regular,sin_quintil,4280,31.52,34.71
2025,1,regular,Q1,2444,14.93,20.47
2025,1,regular,Q2,2583,14.03,14.52
2025,1,regular,Q3,2546,13.71,12.59
2025,1,regular,Q4,2311,13.61,10.74
2025,1,regular,Q5,2149,13.93,9.1
2025,1,regular,sin_quintil,3951,29.79,32.58
2025,2,regular,Q1,2462,14.56,19.75
2025,2,regular,Q2,2636,13.96,14.25
2025,2,regular,Q3,2605,13.73,13.12
2025,2,regular,Q4,2353,13.25,10.87
2025,2,regular,Q5,2249,14.12,9.47
2025,2,regular,sin_quintil,3864,30.37,32.55
2025,3,regular,Q1,2533,13.94,18.87
2025,3,regular,Q2,2503,13.47,13.84
2025,3,regular,Q3,2369,12.89,12.22
2025,3,regular,Q4,2261,13.13,10.11
2025,3,regular,Q5,2088,13.12,8.56
2025,3,regular,sin_quintil,4106,33.45,36.41
2025,4,regular,Q1,2461,14.09,18.97
2025,4,regular,Q2,2460,13.13,13.96
2025,4,regular,Q3,2292,13.11,12.26
2025,4,regular,Q4,2335,13.05,9.96
2025,4,regular,Q5,2010,13.5,8.59
2025,4,regular,sin_quintil,3976,33.13,36.26
