indicador,mandato,quintil,promedio,desvio,n_trimestres
activos_sin_empleo_formal,Nestor Kirchner,Q1,0.7392391370510506,0.04707473557416965,17
activos_sin_empleo_formal,Nestor Kirchner,Q2,0.4643397012981115,0.03997248142145106,17
activos_sin_empleo_formal,Nestor Kirchner,Q3,0.31388527302856084,0.033054178652287006,17
activos_sin_empleo_formal,Nestor Kirchner,Q4,0.26287980063060695,0.024238695771568456,17
activos_sin_empleo_formal,Nestor Kirchner,Q5,0.2632923909598206,0.018494811502845147,17
activos_sin_empleo_formal,Nestor Kirchner,total,0.4109349960502545,0.02867517800559429,17
activos_sin_empleo_formal,CFK I,Q1,0.6379704857039635,0.02154476982072396,16
activos_sin_empleo_formal,CFK I,Q2,0.3397621219113135,0.02027057986732944,16
activos_sin_empleo_formal,CFK I,Q3,0.25054691939383217,0.013710089049946852,16
activos_sin_empleo_formal,CFK I,Q4,0.22218899770855258,0.009636822780526917,16
activos_sin_empleo_formal,CFK I,Q5,0.21725777506755228,0.016221286804939887,16
activos_sin_empleo_formal,CFK I,total,0.3355855445854189,0.01071463893738216,16
activos_sin_empleo_formal,CFK II,Q1,0.6143714471858085,0.017594427562737963,14
activos_sin_empleo_formal,CFK II,Q2,0.3526670741909909,0.02016639855140504,14
activos_sin_empleo_formal,CFK II,Q3,0.23286678584678602,0.012363915721104122,14
activos_sin_empleo_formal,CFK II,Q4,0.2071268807352867,0.007882863845031955,14
activos_sin_empleo_formal,CFK II,Q5,0.1988392347136694,0.018405434937502067,14
activos_sin_empleo_formal,CFK II,total,0.32290464916005684,0.0073129045520598495,14
activos_sin_empleo_formal,Macri,Q1,0.627134674456062,0.020819426219128682,15
activos_sin_empleo_formal,Macri,Q2,0.33713110665361873,0.016991012761188452,15
activos_sin_empleo_formal,Macri,Q3,0.2341328791651514,0.021963557367689467,15
activos_sin_empleo_formal,Macri,Q4,0.20262750357611597,0.01755087535977129,15
activos_sin_empleo_formal,Macri,Q5,0.2042066315344557,0.016844877045228843,15
activos_sin_empleo_formal,Macri,total,0.3371926533356211,0.01110813290508423,15
activos_sin_empleo_formal,Alberto Fernandez,Q1,0.6410250480336945,0.04232883424164424,16
activos_sin_empleo_formal,Alberto Fernandez,Q2,0.37262716202598595,0.024964109313913168,16
activos_sin_empleo_formal,Alberto Fernandez,Q3,0.25286287832373733,0.023134182779627973,16
activos_sin_empleo_formal,Alberto Fernandez,Q4,0.20650672697427136,0.023677485165385526,16
activos_sin_empleo_formal,Alberto Fernandez,Q5,0.18141582515911944,0.024024640410299843,16
activos_sin_empleo_formal,Alberto Fernandez,total,0.3482389249322798,0.021012232042916374,16
activos_sin_empleo_formal,Milei,Q1,0.6563876229382649,0.025337538820225384,8
activos_sin_empleo_formal,Milei,Q2,0.3601991613895859,0.02474849467496781,8
activos_sin_empleo_formal,Milei,Q3,0.2661655661818124,0.017199236001043474,8
activos_sin_empleo_formal,Milei,Q4,0.23429976693941246,0.01801848066784757,8
activos_sin_empleo_formal,Milei,Q5,0.21911413005491215,0.031101477658234518,8
activos_sin_empleo_formal,Milei,total,0.3648613095153091,0.010434171141894275,8
algun_desocupado,Nestor Kirchner,Q1,0.27338441751495307,0.04686414702513051,17
algun_desocupado,Nestor Kirchner,Q2,0.19406319985706336,0.03729606586020804,17
algun_desocupado,Nestor Kirchner,Q3,0.13396492510867206,0.03195895971952154,17
algun_desocupado,Nestor Kirchner,Q4,0.09235439632914083,0.02222894534721961,17
algun_desocupado,Nestor Kirchner,Q5,0.0432306335787099,0.01165249306089463,17
algun_desocupado,Nestor Kirchner,total,0.15087350404368327,0.029476596100117915,17
algun_desocupado,CFK I,Q1,0.2023459338521323,0.01678240502624949,16
algun_desocupado,CFK I,Q2,0.12698776252430852,0.013676200481670986,16
algun_desocupado,CFK I,Q3,0.08802538749503377,0.01422086856785485,16
algun_desocupado,CFK I,Q4,0.05947892852229406,0.00842327298769108,16
algun_desocupado,CFK I,Q5,0.029585299208875405,0.005269728045331635,16
algun_desocupado,CFK I,total,0.10329801230584636,0.008649381855721712,16
algun_desocupado,CFK II,Q1,0.1858454172396156,0.015338244478466961,14
algun_desocupado,CFK II,Q2,0.11391572040463117,0.008061032199682258,14
algun_desocupado,CFK II,Q3,0.07413712380558883,0.00830536758940214,14
algun_desocupado,CFK II,Q4,0.051863439181159765,0.006893860201114461,14
algun_desocupado,CFK II,Q5,0.023337637236239515,0.004817364347437021,14
algun_desocupado,CFK II,total,0.09187595301072685,0.004681783145463331,14
algun_desocupado,Macri,Q1,0.24231332495323848,0.027832095836204867,15
algun_desocupado,Macri,Q2,0.13507640715256566,0.017270337638825642,15
algun_desocupado,Macri,Q3,0.08886267134615897,0.010122330353449583,15
algun_desocupado,Macri,Q4,0.048811630094563636,0.008483651711490197,15
algun_desocupado,Macri,Q5,0.029082351608655008,0.007137287503822664,15
algun_desocupado,Macri,total,0.1115789635836106,0.01145205111238045,15
algun_desocupado,Alberto Fernandez,Q1,0.22022911759098623,0.04378704693648551,16
algun_desocupado,Alberto Fernandez,Q2,0.12330870584227434,0.027334173248170977,16
algun_desocupado,Alberto Fernandez,Q3,0.07883306369861902,0.01753494951943109,16
algun_desocupado,Alberto Fernandez,Q4,0.04369502237833832,0.01207395053212143,16
algun_desocupado,Alberto Fernandez,Q5,0.0222089164536669,0.009736304917918374,16
algun_desocupado,Alberto Fernandez,total,0.10070323743261177,0.021017454001466557,16
algun_desocupado,Milei,Q1,0.21350372486767924,0.020419563192420068,8
algun_desocupado,Milei,Q2,0.10875070560750416,0.011976908282652285,8
algun_desocupado,Milei,Q3,0.07093447131512129,0.008033244399464836,8
algun_desocupado,Milei,Q4,0.04407023912925406,0.009796147525576619,8
algun_desocupado,Milei,Q5,0.018521392536910028,0.006449152612826218,8
algun_desocupado,Milei,total,0.09316670852308065,0.006964592189617825,8
entorno_deficitario,Nestor Kirchner,Q1,0.3125228055079497,0.02119920159279118,17
entorno_deficitario,Nestor Kirchner,Q2,0.21977567450600294,0.0214326431836872,17
entorno_deficitario,Nestor Kirchner,Q3,0.1669398800303376,0.017011610899737687,17
entorno_deficitario,Nestor Kirchner,Q4,0.12733976230097985,0.015757759672006592,17
entorno_deficitario,Nestor Kirchner,Q5,0.08367995240757763,0.016387592282802583,17
entorno_deficitario,Nestor Kirchner,total,0.1825701984190028,0.015779307761789797,17
entorno_deficitario,CFK I,Q1,0.2801931290908815,0.014034010128400116,16
entorno_deficitario,CFK I,Q2,0.20095193596888575,0.009942824426379936,16
entorno_deficitario,CFK I,Q3,0.16196529539710364,0.009741898110206404,16
entorno_deficitario,CFK I,Q4,0.12535328495777556,0.013919797206772416,16
entorno_deficitario,CFK I,Q5,0.07728402899446866,0.007259344315846522,16
entorno_deficitario,CFK I,total,0.16915164245295236,0.006292262564332841,16
entorno_deficitario,CFK II,Q1,0.2590245806021209,0.020374999120387514,14
entorno_deficitario,CFK II,Q2,0.19922803675558406,0.017779281854177098,14
entorno_deficitario,CFK II,Q3,0.15926545566135566,0.020464563376296784,14
entorno_deficitario,CFK II,Q4,0.13464536852791958,0.016831260121411024,14
entorno_deficitario,CFK II,Q5,0.10507151638301122,0.018588476859490964,14
entorno_deficitario,CFK II,total,0.17171331169805545,0.016738770798711108,14
entorno_deficitario,Macri,Q1,0.27515590202210866,0.009267497760966286,15
entorno_deficitario,Macri,Q2,0.1960487834621757,0.016489827935405415,15
entorno_deficitario,Macri,Q3,0.14837074321026442,0.012847479094484738,15
entorno_deficitario,Macri,Q4,0.11709860626547212,0.009996813350426868,15
entorno_deficitario,Macri,Q5,0.07445087453492634,0.009682771916501555,15
entorno_deficitario,Macri,total,0.15825158902223907,0.007342700839303289,15
entorno_deficitario,Alberto Fernandez,Q1,0.20599422770535258,0.04780930876839235,16
entorno_deficitario,Alberto Fernandez,Q2,0.14941788394353497,0.02938933500226629,16
entorno_deficitario,Alberto Fernandez,Q3,0.11393095529001727,0.02310381697561661,16
entorno_deficitario,Alberto Fernandez,Q4,0.08995703573995265,0.016755129944202658,16
entorno_deficitario,Alberto Fernandez,Q5,0.05195872956483313,0.011457832438925878,16
entorno_deficitario,Alberto Fernandez,total,0.11832390711828175,0.024397482750644777,16
entorno_deficitario,Milei,Q1,0.19623265521456873,0.02763330151526292,8
entorno_deficitario,Milei,Q2,0.14104521819132582,0.008624948087288878,8
entorno_deficitario,Milei,Q3,0.10323098532310293,0.007667039119977527,8
entorno_deficitario,Milei,Q4,0.0853697801808999,0.0067003453527537055,8
entorno_deficitario,Milei,Q5,0.05123462306317844,0.010960125426669309,8
entorno_deficitario,Milei,total,0.11709956616386673,0.007600324885797242,8
hacinamiento_critico,Nestor Kirchner,Q1,0.16033626365613143,0.008483655612422059,17
hacinamiento_critico,Nestor Kirchner,Q2,0.04632097979739616,0.008459150098443486,17
hacinamiento_critico,Nestor Kirchner,Q3,0.013062509928689243,0.0036894321848458893,17
hacinamiento_critico,Nestor Kirchner,Q4,0.004104632224505689,0.0018864976731213386,17
hacinamiento_critico,Nestor Kirchner,Q5,0.000856807233791684,0.0005133017730548062,17
hacinamiento_critico,Nestor Kirchner,total,0.04501422831092018,0.002596979657934933,17
hacinamiento_critico,CFK I,Q1,0.13449144077735994,0.007260022370768618,16
hacinamiento_critico,CFK I,Q2,0.03626631985977187,0.005748098571452279,16
hacinamiento_critico,CFK I,Q3,0.011504364081226227,0.002480981050687193,16
hacinamiento_critico,CFK I,Q4,0.0032181021755429942,0.0023119380427883574,16
hacinamiento_critico,CFK I,Q5,0.0006997367662487926,0.000590089598623727,16
hacinamiento_critico,CFK I,total,0.037205197357997224,0.0021443037653026756,16
hacinamiento_critico,CFK II,Q1,0.12093304364139401,0.009997055063749599,14
hacinamiento_critico,CFK II,Q2,0.03486135513379839,0.00416440190883805,14
hacinamiento_critico,CFK II,Q3,0.009516358040699283,0.0024354527915433685,14
hacinamiento_critico,CFK II,Q4,0.0035832198327389103,0.00134559831433154,14
hacinamiento_critico,CFK II,Q5,0.0005877509679451104,0.0005829067671369652,14
hacinamiento_critico,CFK II,total,0.03388790308462249,0.0020265121446031457,14
hacinamiento_critico,Macri,Q1,0.0943438641550428,0.010550208483231056,15
hacinamiento_critico,Macri,Q2,0.025428692975008802,0.004044946427767545,15
hacinamiento_critico,Macri,Q3,0.006032288094483541,0.0022253887040142714,15
hacinamiento_critico,Macri,Q4,0.002329597923231799,0.0022806593799588686,15
hacinamiento_critico,Macri,Q5,0.00038611763632497774,0.0009009786984953659,15
hacinamiento_critico,Macri,total,0.025305546293073293,0.0018211462544727032,15
hacinamiento_critico,Alberto Fernandez,Q1,0.07831346415404301,0.013349076588712398,16
hacinamiento_critico,Alberto Fernandez,Q2,0.0239813393822463,0.009101231823548243,16
hacinamiento_critico,Alberto Fernandez,Q3,0.00894325664616949,0.003765163520847334,16
hacinamiento_critico,Alberto Fernandez,Q4,0.00262823681565121,0.00282521651576472,16
hacinamiento_critico,Alberto Fernandez,Q5,0.0002803387827553069,0.0006771720271287905,16
hacinamiento_critico,Alberto Fernandez,total,0.02292262522337765,0.0025333030420969446,16
hacinamiento_critico,Milei,Q1,0.06775183391395756,0.009658896288712911,8
hacinamiento_critico,Milei,Q2,0.02027690304516515,0.007420642212988042,8
hacinamiento_critico,Milei,Q3,0.00879053349798595,0.0018923942955588898,8
hacinamiento_critico,Milei,Q4,0.002198538146886187,0.0018953110192575235,8
hacinamiento_critico,Milei,Q5,0.0005438856712659417,0.0013069853925941623,8
hacinamiento_critico,Milei,total,0.019885950676719732,0.0018170236148818942,8
jefe_sin_secundario,Nestor Kirchner,Q1,0.8084549011560169,0.01157084721195405,17
jefe_sin_secundario,Nestor Kirchner,Q2,0.6996115003944905,0.023316899129383978,17
jefe_sin_secundario,Nestor Kirchner,Q3,0.6141186081544314,0.019683106638554153,17
jefe_sin_secundario,Nestor Kirchner,Q4,0.46945274130568343,0.021673855724370417,17
jefe_sin_secundario,Nestor Kirchner,Q5,0.23339946179219276,0.018450060194852437,17
jefe_sin_secundario,Nestor Kirchner,total,0.56645182161554,0.015399225465398571,17
jefe_sin_secundario,CFK I,Q1,0.7471431540297989,0.024102293000406,16
jefe_sin_secundario,CFK I,Q2,0.6433945042024322,0.02022171432726286,16
jefe_sin_secundario,CFK I,Q3,0.5550912050204699,0.01883476338215176,16
jefe_sin_secundario,CFK I,Q4,0.4199579824386797,0.018789360816415614,16
jefe_sin_secundario,CFK I,Q5,0.20332899362222775,0.01421627037130381,16
jefe_sin_secundario,CFK I,total,0.5140363929580717,0.013526554743663089,16
jefe_sin_secundario,CFK II,Q1,0.683390275128498,0.012657045644748807,14
jefe_sin_secundario,CFK II,Q2,0.5894785644531997,0.01787750910287469,14
jefe_sin_secundario,CFK II,Q3,0.5179493641439613,0.015928159617677292,14
jefe_sin_secundario,CFK II,Q4,0.39066268686040323,0.016409578785212223,14
jefe_sin_secundario,CFK II,Q5,0.2079889608167686,0.01431654963482731,14
jefe_sin_secundario,CFK II,total,0.47795025319070106,0.006398531770726038,14
jefe_sin_secundario,Macri,Q1,0.6585459109520367,0.017970540721771292,15
jefe_sin_secundario,Macri,Q2,0.5772556351855986,0.017453657723673004,15
jefe_sin_secundario,Macri,Q3,0.4845899697098504,0.03055815774260473,15
jefe_sin_secundario,Macri,Q4,0.35798066867494355,0.02231221599822148,15
jefe_sin_secundario,Macri,Q5,0.16428030840549165,0.021394307701882793,15
jefe_sin_secundario,Macri,total,0.44894684279192243,0.017421935404230367,15
jefe_sin_secundario,Alberto Fernandez,Q1,0.6111005446738406,0.03325919082290407,16
jefe_sin_secundario,Alberto Fernandez,Q2,0.5046575885458181,0.03503282310049371,16
jefe_sin_secundario,Alberto Fernandez,Q3,0.4411976558676323,0.03164476370413069,16
jefe_sin_secundario,Alberto Fernandez,Q4,0.31671762156482197,0.03302859665681342,16
jefe_sin_secundario,Alberto Fernandez,Q5,0.1299920899593023,0.018179707655097313,16
jefe_sin_secundario,Alberto Fernandez,total,0.4004008399460797,0.022424464854597453,16
jefe_sin_secundario,Milei,Q1,0.5786531972454838,0.02093251722586108,8
jefe_sin_secundario,Milei,Q2,0.4916408710954753,0.025859058975487657,8
jefe_sin_secundario,Milei,Q3,0.39722063949708036,0.02394801202181161,8
jefe_sin_secundario,Milei,Q4,0.25869153594133565,0.01583793905697245,8
jefe_sin_secundario,Milei,Q5,0.10580163909564198,0.01752264867415543,8
jefe_sin_secundario,Milei,total,0.3672492577086162,0.00792872077492465,8
materiales_deficitarios,Nestor Kirchner,Q1,0.04689274556036973,0.004072236574691086,17
materiales_deficitarios,Nestor Kirchner,Q2,0.01903628078222944,0.0034911594080434677,17
materiales_deficitarios,Nestor Kirchner,Q3,0.011827167601897053,0.0030589778132113776,17
materiales_deficitarios,Nestor Kirchner,Q4,0.008273482439455953,0.0021078706289417272,17
materiales_deficitarios,Nestor Kirchner,Q5,0.004558450288825891,0.0012222153665374417,17
materiales_deficitarios,Nestor Kirchner,total,0.018587466894995474,0.001112003848560428,17
materiales_deficitarios,CFK I,Q1,0.03854783530747574,0.005949771670545751,16
materiales_deficitarios,CFK I,Q2,0.015000717851095649,0.003691617259570069,16
materiales_deficitarios,CFK I,Q3,0.010908767849645139,0.002461787812450049,16
materiales_deficitarios,CFK I,Q4,0.008340611917160424,0.00234576320852518,16
materiales_deficitarios,CFK I,Q5,0.004354168300789087,0.0011625032957805522,16
materiales_deficitarios,CFK I,total,0.0155253113346735,0.0018990329067568729,16
materiales_deficitarios,CFK II,Q1,0.027744663751122684,0.008004548559392205,14
materiales_deficitarios,CFK II,Q2,0.013773403889554713,0.004955791222814997,14
materiales_deficitarios,CFK II,Q3,0.00888015224067351,0.0034724055463252338,14
materiales_deficitarios,CFK II,Q4,0.007441098593474611,0.0021168366754869706,14
materiales_deficitarios,CFK II,Q5,0.006108073265225939,0.0019328296667123078,14
materiales_deficitarios,CFK II,total,0.013015720983403136,0.0032638120435377403,14
materiales_deficitarios,Macri,Q1,0.01801897879731362,0.004786967900462661,15
materiales_deficitarios,Macri,Q2,0.009307128768237222,0.0035623600977893475,15
materiales_deficitarios,Macri,Q3,0.009448959537826786,0.0019128080650444009,15
materiales_deficitarios,Macri,Q4,0.006966323030750288,0.002009480306659614,15
materiales_deficitarios,Macri,Q5,0.005421847492522194,0.0028597522756756253,15
materiales_deficitarios,Macri,total,0.009905211816909613,0.0014969454501912306,15
materiales_deficitarios,Alberto Fernandez,Q1,0.01153124079162072,0.004130435677998647,16
materiales_deficitarios,Alberto Fernandez,Q2,0.00804475079210954,0.0029201818755275597,16
materiales_deficitarios,Alberto Fernandez,Q3,0.006639192508862935,0.0017133777894894563,16
materiales_deficitarios,Alberto Fernandez,Q4,0.006070151903488441,0.0028429327160235706,16
materiales_deficitarios,Alberto Fernandez,Q5,0.005187496703305053,0.0027451265792987193,16
materiales_deficitarios,Alberto Fernandez,total,0.007397577331925503,0.0014281086106130777,16
materiales_deficitarios,Milei,Q1,0.01130043519588558,0.0032886516473556874,8
materiales_deficitarios,Milei,Q2,0.007833542110807466,0.004255112207325036,8
materiales_deficitarios,Milei,Q3,0.005487279082451724,0.002326443002673597,8
materiales_deficitarios,Milei,Q4,0.005547276190620306,0.0031785366681265363,8
materiales_deficitarios,Milei,Q5,0.002953805311795892,0.001794798472747124,8
materiales_deficitarios,Milei,total,0.0065728175045412715,0.0018530293465518813,8
ningun_asalariado_formal,Nestor Kirchner,Q1,0.8260569735659674,0.03624177477703199,17
ningun_asalariado_formal,Nestor Kirchner,Q2,0.5988589953961385,0.03442117692161244,17
ningun_asalariado_formal,Nestor Kirchner,Q3,0.5326487155068641,0.022114806375760864,17
ningun_asalariado_formal,Nestor Kirchner,Q4,0.44466664370840253,0.025258894896617777,17
ningun_asalariado_formal,Nestor Kirchner,Q5,0.3927202147278396,0.03251213974014385,17
ningun_asalariado_formal,Nestor Kirchner,total,0.5655870320209666,0.028333672179834984,17
ningun_asalariado_formal,CFK I,Q1,0.7404107108143624,0.019770637488291387,16
ningun_asalariado_formal,CFK I,Q2,0.5333355116424466,0.01790745754445835,16
ningun_asalariado_formal,CFK I,Q3,0.47675997228403705,0.017948289341648407,16
ningun_asalariado_formal,CFK I,Q4,0.3896206840195337,0.02048942357800928,16
ningun_asalariado_formal,CFK I,Q5,0.3282646487994583,0.01375694650811571,16
ningun_asalariado_formal,CFK I,total,0.49759952770436844,0.00898367314543794,16
ningun_asalariado_formal,CFK II,Q1,0.71097765930725,0.01773683877988411,14
ningun_asalariado_formal,CFK II,Q2,0.5100693155832972,0.023881483662145746,14
ningun_asalariado_formal,CFK II,Q3,0.50218180341772,0.024019014665047772,14
ningun_asalariado_formal,CFK II,Q4,0.3913164725412263,0.015334885691245161,14
ningun_asalariado_formal,CFK II,Q5,0.3324987278387624,0.01225325574968896,14
ningun_asalariado_formal,CFK II,total,0.493132662913594,0.00627348613461816,14
ningun_asalariado_formal,Macri,Q1,0.7183777134489732,0.024002846882427886,15
ningun_asalariado_formal,Macri,Q2,0.5388353850473194,0.02750956108584217,15
ningun_asalariado_formal,Macri,Q3,0.4988487543972566,0.018230657214516287,15
ningun_asalariado_formal,Macri,Q4,0.4209128623835102,0.015851829514058877,15
ningun_asalariado_formal,Macri,Q5,0.37942435345216147,0.0254189356911376,15
ningun_asalariado_formal,Macri,total,0.5268409327990702,0.00949123764102439,15
ningun_asalariado_formal,Alberto Fernandez,Q1,0.7479983295047559,0.02871902755635853,16
ningun_asalariado_formal,Alberto Fernandez,Q2,0.5365180143687646,0.03342898308936192,16
ningun_asalariado_formal,Alberto Fernandez,Q3,0.5115937624555392,0.03086610540694378,16
ningun_asalariado_formal,Alberto Fernandez,Q4,0.42193216900213,0.03407134824615347,16
ningun_asalariado_formal,Alberto Fernandez,Q5,0.3352201955455467,0.026199595911707344,16
ningun_asalariado_formal,Alberto Fernandez,total,0.5298385503360742,0.011438739683835594,16
ningun_asalariado_formal,Milei,Q1,0.7539565025639514,0.017596569839735662,8
ningun_asalariado_formal,Milei,Q2,0.5838575712629037,0.017447474342558535,8
ningun_asalariado_formal,Milei,Q3,0.4926885049131236,0.030620687090165733,8
ningun_asalariado_formal,Milei,Q4,0.40563918408538446,0.015022955864300198,8
ningun_asalariado_formal,Milei,Q5,0.3438686706872479,0.03360496055722443,8
ningun_asalariado_formal,Milei,total,0.5363768003968331,0.008091476438317124,8
prestamos_o_venta_pertenencias,Nestor Kirchner,Q1,0.2684861782148749,0.02481242824199416,17
prestamos_o_venta_pertenencias,Nestor Kirchner,Q2,0.22227086242445127,0.018945164361770277,17
prestamos_o_venta_pertenencias,Nestor Kirchner,Q3,0.19403860111936366,0.018273931877413954,17
prestamos_o_venta_pertenencias,Nestor Kirchner,Q4,0.17073705824559562,0.014443877662473712,17
prestamos_o_venta_pertenencias,Nestor Kirchner,Q5,0.1481301260659421,0.016964010847910937,17
prestamos_o_venta_pertenencias,Nestor Kirchner,total,0.2016828741996433,0.011958065839307884,17
prestamos_o_venta_pertenencias,CFK I,Q1,0.24769152401560038,0.015977268771658615,16
prestamos_o_venta_pertenencias,CFK I,Q2,0.21625412252381884,0.018746232469792623,16
prestamos_o_venta_pertenencias,CFK I,Q3,0.19371524349215083,0.00985885541959465,16
prestamos_o_venta_pertenencias,CFK I,Q4,0.1779815367216968,0.012364864780571852,16
prestamos_o_venta_pertenencias,CFK I,Q5,0.16356833684643393,0.011193747711001787,16
prestamos_o_venta_pertenencias,CFK I,total,0.20077786097789793,0.008883983833652617,16
prestamos_o_venta_pertenencias,CFK II,Q1,0.24275722025157948,0.010552666644532954,14
prestamos_o_venta_pertenencias,CFK II,Q2,0.2126859455292526,0.013240942551020035,14
prestamos_o_venta_pertenencias,CFK II,Q3,0.18492081281938075,0.008576127290441741,14
prestamos_o_venta_pertenencias,CFK II,Q4,0.174638943575586,0.010280538622043733,14
prestamos_o_venta_pertenencias,CFK II,Q5,0.163846835476279,0.010285724663348147,14
prestamos_o_venta_pertenencias,CFK II,total,0.19656790387994974,0.005070431777022283,14
prestamos_o_venta_pertenencias,Macri,Q1,0.34248343692768857,0.05712192712136509,15
prestamos_o_venta_pertenencias,Macri,Q2,0.2854488183268511,0.042092653214889364,15
prestamos_o_venta_pertenencias,Macri,Q3,0.25470240070031175,0.03824668789204638,15
prestamos_o_venta_pertenencias,Macri,Q4,0.22184601815602237,0.03225588046315226,15
prestamos_o_venta_pertenencias,Macri,Q5,0.17542018574260446,0.021621531736391628,15
prestamos_o_venta_pertenencias,Macri,total,0.24286621525102994,0.03404152091727802,15
prestamos_o_venta_pertenencias,Alberto Fernandez,Q1,0.39332079600583414,0.03926741017255804,16
prestamos_o_venta_pertenencias,Alberto Fernandez,Q2,0.3214843075308049,0.030884891769141384,16
prestamos_o_venta_pertenencias,Alberto Fernandez,Q3,0.2679528005233803,0.01939551260664939,16
prestamos_o_venta_pertenencias,Alberto Fernandez,Q4,0.21473689965260714,0.02073666900811304,16
prestamos_o_venta_pertenencias,Alberto Fernandez,Q5,0.1640606543928717,0.017812423958518595,16
prestamos_o_venta_pertenencias,Alberto Fernandez,total,0.26051916337459036,0.016523825516426602,16
prestamos_o_venta_pertenencias,Milei,Q1,0.40663044240976043,0.018381729399468666,8
prestamos_o_venta_pertenencias,Milei,Q2,0.3320967324657439,0.01925522830383856,8
prestamos_o_venta_pertenencias,Milei,Q3,0.2962084864633539,0.024800271956739322,8
prestamos_o_venta_pertenencias,Milei,Q4,0.2567953078761797,0.01992477128436932,8
prestamos_o_venta_pertenencias,Milei,Q5,0.19849743112304968,0.01714957448534955,8
prestamos_o_venta_pertenencias,Milei,total,0.28120095616322266,0.011114835458445023,8
sanitario_deficitario,Nestor Kirchner,Q1,0.061212487763194844,0.01116299270865603,17
sanitario_deficitario,Nestor Kirchner,Q2,0.022172218554080886,0.005046202646827277,17
sanitario_deficitario,Nestor Kirchner,Q3,0.01002491314822785,0.0037561862767408203,17
sanitario_deficitario,Nestor Kirchner,Q4,0.004167960206044638,0.0015800619555886221,17
sanitario_deficitario,Nestor Kirchner,Q5,0.001829588987954099,0.0012597611657644923,17
sanitario_deficitario,Nestor Kirchner,total,0.020257800789568046,0.0039378517204175425,17
sanitario_deficitario,CFK I,Q1,0.034875621335275074,0.00368232850863968,16
sanitario_deficitario,CFK I,Q2,0.01038102936127093,0.002025312288260005,16
sanitario_deficitario,CFK I,Q3,0.005012425547135133,0.0015184339772854785,16
sanitario_deficitario,CFK I,Q4,0.0024237507872832856,0.0014853397734040502,16
sanitario_deficitario,CFK I,Q5,0.0006524710733629308,0.0004054816930107797,16
sanitario_deficitario,CFK I,total,0.010791697133663127,0.0012614262260615306,16
sanitario_deficitario,CFK II,Q1,0.019218196559302705,0.005117329563609247,14
sanitario_deficitario,CFK II,Q2,0.007570649591074778,0.0018673048895917175,14
sanitario_deficitario,CFK II,Q3,0.0037156794697232425,0.00129742888184386,14
sanitario_deficitario,CFK II,Q4,0.0012113050635622331,0.0006421552999503204,14
sanitario_deficitario,CFK II,Q5,0.0005872318594862538,0.0005877100092713385,14
sanitario_deficitario,CFK II,total,0.006541482801407506,0.001204743859398355,14
sanitario_deficitario,Macri,Q1,0.01428663088811431,0.001945379110297909,15
sanitario_deficitario,Macri,Q2,0.00527258326143593,0.0022297688250002704,15
sanitario_deficitario,Macri,Q3,0.002711144465895432,0.0015909921960776158,15
sanitario_deficitario,Macri,Q4,0.0018343003058344314,0.001344933641788516,15
sanitario_deficitario,Macri,Q5,0.0010454735960514438,0.0016384168020187268,15
sanitario_deficitario,Macri,total,0.004940522966149986,0.0006193554496754475,15
sanitario_deficitario,Alberto Fernandez,Q1,0.010610962077327481,0.011541335682231575,16
sanitario_deficitario,Alberto Fernandez,Q2,0.003203238075286991,0.0018974705221907913,16
sanitario_deficitario,Alberto Fernandez,Q3,0.0014063858539513387,0.001167316441143648,16
sanitario_deficitario,Alberto Fernandez,Q4,0.001196774923593893,0.0010213475857627178,16
sanitario_deficitario,Alberto Fernandez,Q5,0.000434457440569262,0.0008133726903354212,16
sanitario_deficitario,Alberto Fernandez,total,0.0033211121290928143,0.0019543174811735347,16
sanitario_deficitario,Milei,Q1,0.007422214995768488,0.0035648142035538035,8
sanitario_deficitario,Milei,Q2,0.003826797322786648,0.001820551937887023,8
sanitario_deficitario,Milei,Q3,0.0017308056708123063,0.0013117951395749145,8
sanitario_deficitario,Milei,Q4,0.0010688761598600393,0.0010988705806860332,8
sanitario_deficitario,Milei,Q5,0.0002782976810093037,0.0004822928147731546,8
sanitario_deficitario,Milei,total,0.002881301098770537,0.0005504391772892655,8
sin_ocupados_jefe_menor_65,Nestor Kirchner,Q1,0.09691496674931548,0.00968469248927885,17
sin_ocupados_jefe_menor_65,Nestor Kirchner,Q2,0.05411977194389161,0.008499897482523383,17
sin_ocupados_jefe_menor_65,Nestor Kirchner,Q3,0.05002207387858793,0.005567413592299243,17
sin_ocupados_jefe_menor_65,Nestor Kirchner,Q4,0.04166514938189246,0.005513372564703584,17
sin_ocupados_jefe_menor_65,Nestor Kirchner,Q5,0.027844610617693083,0.005127148639221689,17
sin_ocupados_jefe_menor_65,Nestor Kirchner,total,0.06124247138244662,0.005246873039230623,17
sin_ocupados_jefe_menor_65,CFK I,Q1,0.1052805347217151,0.007614661498860928,16
sin_ocupados_jefe_menor_65,CFK I,Q2,0.05277888762542695,0.006150103372766758,16
sin_ocupados_jefe_menor_65,CFK I,Q3,0.04550950176567396,0.007533567020385662,16
sin_ocupados_jefe_menor_65,CFK I,Q4,0.03670270089147902,0.006376269072234151,16
sin_ocupados_jefe_menor_65,CFK I,Q5,0.027777643824917812,0.005401052631778082,16
sin_ocupados_jefe_menor_65,CFK I,total,0.05810079932185965,0.0034677695610827943,16
sin_ocupados_jefe_menor_65,CFK II,Q1,0.11246119029499246,0.006286363121556999,14
sin_ocupados_jefe_menor_65,CFK II,Q2,0.06019481655217066,0.007246512749298209,14
sin_ocupados_jefe_menor_65,CFK II,Q3,0.04852894036999672,0.006041397771256814,14
sin_ocupados_jefe_menor_65,CFK II,Q4,0.03334894931091447,0.00574562269946882,14
sin_ocupados_jefe_menor_65,CFK II,Q5,0.02613075279139922,0.003818629233635347,14
sin_ocupados_jefe_menor_65,CFK II,total,0.06066617801351058,0.0021517244617759446,14
sin_ocupados_jefe_menor_65,Macri,Q1,0.11689676129238148,0.014537914254005899,15
sin_ocupados_jefe_menor_65,Macri,Q2,0.05807124045712709,0.005092745826756884,15
sin_ocupados_jefe_menor_65,Macri,Q3,0.04687771005454334,0.005823109149895562,15
sin_ocupados_jefe_menor_65,Macri,Q4,0.03351972865830506,0.0048630784964260486,15
sin_ocupados_jefe_menor_65,Macri,Q5,0.027301853060102545,0.00594958607681078,15
sin_ocupados_jefe_menor_65,Macri,total,0.06497637186278239,0.003014704742965816,15
sin_ocupados_jefe_menor_65,Alberto Fernandez,Q1,0.13916325851623793,0.06592914348462472,16
sin_ocupados_jefe_menor_65,Alberto Fernandez,Q2,0.0634520471869622,0.030102383352884995,16
sin_ocupados_jefe_menor_65,Alberto Fernandez,Q3,0.045690126774642584,0.009940221198839895,16
sin_ocupados_jefe_menor_65,Alberto Fernandez,Q4,0.03383438614757088,0.010911629383382734,16
sin_ocupados_jefe_menor_65,Alberto Fernandez,Q5,0.02592505057466075,0.004770062679139899,16
sin_ocupados_jefe_menor_65,Alberto Fernandez,total,0.07041502661363752,0.02334509727471094,16
sin_ocupados_jefe_menor_65,Milei,Q1,0.1067368001819783,0.007415671814973385,8
sin_ocupados_jefe_menor_65,Milei,Q2,0.054168578742356664,0.008344306289084303,8
sin_ocupados_jefe_menor_65,Milei,Q3,0.03724019866698005,0.006427652886350767,8
sin_ocupados_jefe_menor_65,Milei,Q4,0.028039403790391968,0.003271953429764913,8
sin_ocupados_jefe_menor_65,Milei,Q5,0.02167976958572717,0.005158744857759291,8
sin_ocupados_jefe_menor_65,Milei,total,0.059180293715705566,0.002587623229934044,8
solo_asalariados_informales,Nestor Kirchner,Q1,0.3916957833107463,0.027681983838140214,17
solo_asalariados_informales,Nestor Kirchner,Q2,0.21973250104613196,0.022519194128349844,17
solo_asalariados_informales,Nestor Kirchner,Q3,0.13236063233423112,0.01492837632525101,17
solo_asalariados_informales,Nestor Kirchner,Q4,0.10281622246048748,0.015815431211340616,17
solo_asalariados_informales,Nestor Kirchner,Q5,0.06942426820399948,0.010671420495938276,17
solo_asalariados_informales,Nestor Kirchner,total,0.18264316047581985,0.014855176695496054,17
solo_asalariados_informales,CFK I,Q1,0.3101637288089225,0.013175376862632334,16
solo_asalariados_informales,CFK I,Q2,0.15154158514547678,0.01427242149058473,16
solo_asalariados_informales,CFK I,Q3,0.09789702534275914,0.007627420789899307,16
solo_asalariados_informales,CFK I,Q4,0.07615671753533329,0.005507844845852355,16
solo_asalariados_informales,CFK I,Q5,0.05551081847645527,0.007338951991717336,16
solo_asalariados_informales,CFK I,total,0.13839402362104794,0.0059129802530099645,16
solo_asalariados_informales,CFK II,Q1,0.28910426672460954,0.014493162107557892,14
solo_asalariados_informales,CFK II,Q2,0.15113227768950405,0.012050251148981478,14
solo_asalariados_informales,CFK II,Q3,0.08714035638524306,0.007875523459641275,14
solo_asalariados_informales,CFK II,Q4,0.06792887673258248,0.006715847163985674,14
solo_asalariados_informales,CFK II,Q5,0.05348864710053979,0.006971474402932813,14
solo_asalariados_informales,CFK II,total,0.1298545394656565,0.003963489253091502,14
solo_asalariados_informales,Macri,Q1,0.2885554221135992,0.015163072693238027,15
solo_asalariados_informales,Macri,Q2,0.14496350989127835,0.0091903507843455,15
solo_asalariados_informales,Macri,Q3,0.08904926923734902,0.00975816592107117,15
solo_asalariados_informales,Macri,Q4,0.07073638853132523,0.00627095098472123,15
solo_asalariados_informales,Macri,Q5,0.05411023240574076,0.00783854882787089,15
solo_asalariados_informales,Macri,total,0.12788056524934882,0.003981638865000684,15
solo_asalariados_informales,Alberto Fernandez,Q1,0.2843049146102783,0.0405759461748094,16
solo_asalariados_informales,Alberto Fernandez,Q2,0.15154052955925662,0.02152819859925052,16
solo_asalariados_informales,Alberto Fernandez,Q3,0.09249961713063747,0.013912304480387877,16
solo_asalariados_informales,Alberto Fernandez,Q4,0.06728294885051506,0.013589719182083678,16
solo_asalariados_informales,Alberto Fernandez,Q5,0.054085561291209665,0.01183472169602597,16
solo_asalariados_informales,Alberto Fernandez,total,0.12689147595210498,0.016045418919805553,16
solo_asalariados_informales,Milei,Q1,0.2974625464436452,0.02260394323062864,8
solo_asalariados_informales,Milei,Q2,0.15081055343603184,0.015854798477841155,8
solo_asalariados_informales,Milei,Q3,0.10706068716441569,0.009976852698188482,8
solo_asalariados_informales,Milei,Q4,0.07836558606001229,0.007954617564236691,8
solo_asalariados_informales,Milei,Q5,0.06071130534996659,0.008101701942847964,8
solo_asalariados_informales,Milei,total,0.13816934665309105,0.002081433334768378,8
tenencia_precaria,Nestor Kirchner,Q1,0.23580331241605787,0.01231034523891434,17
tenencia_precaria,Nestor Kirchner,Q2,0.22294422204798447,0.011795598826532793,17
tenencia_precaria,Nestor Kirchner,Q3,0.2202783836166927,0.012609906578134404,17
tenencia_precaria,Nestor Kirchner,Q4,0.22687323634777,0.013168825320748017,17
tenencia_precaria,Nestor Kirchner,Q5,0.252023701975786,0.020773818794340412,17
tenencia_precaria,Nestor Kirchner,total,0.23258119033147848,0.008758919588062698,17
tenencia_precaria,CFK I,Q1,0.25569302619582673,0.021622155910298497,16
tenencia_precaria,CFK I,Q2,0.23044492239386105,0.010388881771847078,16
tenencia_precaria,CFK I,Q3,0.2267155384902329,0.010704028244373942,16
tenencia_precaria,CFK I,Q4,0.2423245906100344,0.014857356974124377,16
tenencia_precaria,CFK I,Q5,0.29228188049373965,0.017855925828185324,16
tenencia_precaria,CFK I,total,0.2501379996294092,0.01114330510368119,16
tenencia_precaria,CFK II,Q1,0.2649360308867582,0.01897859998447451,14
tenencia_precaria,CFK II,Q2,0.24486504153921268,0.017899862858266887,14
tenencia_precaria,CFK II,Q3,0.2327782954985927,0.016781217521231476,14
tenencia_precaria,CFK II,Q4,0.2574253152217405,0.014510181297912558,14
tenencia_precaria,CFK II,Q5,0.318939078003642,0.01115679614510437,14
tenencia_precaria,CFK II,total,0.26430965463322664,0.010591779524534198,14
tenencia_precaria,Macri,Q1,0.2550952163971623,0.01470917984291772,15
tenencia_precaria,Macri,Q2,0.22763472527114406,0.016413688179521605,15
tenencia_precaria,Macri,Q3,0.22972939472685827,0.013959837631529842,15
tenencia_precaria,Macri,Q4,0.2601703964655685,0.014793626206362508,15
tenencia_precaria,Macri,Q5,0.29223771471693993,0.015036962943445841,15
tenencia_precaria,Macri,total,0.2523404352272928,0.005127808374222681,15
tenencia_precaria,Alberto Fernandez,Q1,0.25270499736468993,0.01598503744198039,16
tenencia_precaria,Alberto Fernandez,Q2,0.254454512229419,0.02582729458175362,16
tenencia_precaria,Alberto Fernandez,Q3,0.25108076890186104,0.019935570380372858,16
tenencia_precaria,Alberto Fernandez,Q4,0.2804862514240736,0.0269251602116621,16
tenencia_precaria,Alberto Fernandez,Q5,0.3326292778797643,0.04128636949069073,16
tenencia_precaria,Alberto Fernandez,total,0.27359273836326814,0.016207950898083964,16
tenencia_precaria,Milei,Q1,0.26272426353540596,0.017482525265488446,8
tenencia_precaria,Milei,Q2,0.23462154257616344,0.026203404261176275,8
tenencia_precaria,Milei,Q3,0.2531225120558379,0.01718681302225064,8
tenencia_precaria,Milei,Q4,0.29689907682723055,0.017937765718898754,8
tenencia_precaria,Milei,Q5,0.36997118055322054,0.03289136567063084,8
tenencia_precaria,Milei,total,0.2839521400557167,0.006136141875019978,8
