grupo,count,mean,std,min,1%,5%,50%,95%,99%,max,nivel
2016,42997.0,2.3382346674879426,2.21564425558884,0.0,0.11831214249480841,0.4424312577753079,1.7895800788847984,5.9636564710210935,10.543398130915433,71.01086524919528,ANO4
2017,59438.0,2.5505343587181435,2.596779135334936,0.0,0.1420483937883234,0.48153529140423934,1.937871535770762,6.495848700264836,11.28523080890314,218.68637357665335,ANO4
2018,60746.0,2.3920720647585245,2.612473460666642,0.0,0.14204147762398553,0.44767624427720343,1.7999788173224545,6.165685810391705,10.632931432070777,299.465822976807,ANO4
2019,63918.0,2.115092810907835,2.378749823412494,0.0,0.12450184839365348,0.38863662646725244,1.580139449189037,5.471155434948956,9.362043088713472,218.9491538738669,ANO4
2020,47407.0,2.026806379596218,2.6363479983138447,0.0,0.06892673668298144,0.38139239612215037,1.5296604839013634,5.193805546769753,8.943357828740359,376.5610626458246,ANO4
2021,52003.0,1.9394329907522228,1.875932210655715,0.0,0.1114110892848216,0.3900484186900326,1.485443783883539,4.938890267717558,8.482215017142948,88.5070389198389,ANO4
2022,53425.0,1.9630529316901453,1.8029886869116944,0.0,0.14511049422754205,0.42432602601440356,1.5003319341872852,4.961555442780013,8.673023310286872,48.09241676789211,ANO4
2023,51974.0,1.8628365721214548,3.8586087090643355,0.0,0.14947665546968497,0.3907821195534342,1.4126607802661575,4.649762119552453,8.076404750174111,785.9949347753858,ANO4
2024,50137.0,1.7103527081459244,1.6801520579521136,0.0,0.12066945353017504,0.3384105894579669,1.2861231909445856,4.466772010323854,7.966788459605469,81.71550328007213,ANO4
2025,47971.0,2.3197661743989673,2.360044019074503,0.0,0.14728388485715074,0.4725127958205725,1.7321279275047166,6.019308928504824,10.774347474602592,123.16342808332165,ANO4
1,72089.0,2.4555732259985836,3.163536461880881,0.0,0.0,0.3487731870351207,1.7725931293250388,6.580332080356869,11.688109930261598,376.5610626458246,REGION
40,115650.0,2.0108240163411497,2.1857223855318417,0.0,0.22710072820022772,0.45754600644508947,1.4894960849694772,5.193039613934247,9.516182758670594,218.9491538738669,REGION
41,53977.0,1.8319435934146466,1.690208737379236,0.0,0.16564306635162174,0.3942470522742676,1.3882414410803243,4.6908858294860165,8.025333393111493,70.4143013738649,REGION
42,56784.0,1.9565781803410351,1.7871183233286618,0.0,0.19513146303670525,0.4356577220466365,1.502980451232876,4.919034129991354,8.533454682195158,71.01086524919528,REGION
43,158576.0,2.1375917248108918,2.080117443604688,0.0,0.10229316441537684,0.37785921220291835,1.6400529762913685,5.450973060792066,9.35989625125908,141.77871123151488,REGION
44,72940.0,2.327657045368633,3.6603346731606314,0.0,0.11059400268197836,0.43497111538586375,1.7871344468318642,5.884199887682394,9.861040272291842,785.9949347753858,REGION
