ANO4,TRIMESTRE,n_hogares,n_ingreso_no_declarado,n_itf_cero_declarado,n_ratio_lp_nulo
2016,2,18796,4165,102,4165
2016,3,18800,4412,115,4412
2016,4,18372,4394,78,4394
2017,1,18477,4351,105,4351
2017,2,18871,3873,91,3873
2017,3,18806,3655,91,3655
2017,4,18793,3630,81,3630
2018,1,18624,3562,85,3562
2018,2,18586,3350,97,3350
2018,3,18364,3334,100,3334
2018,4,18616,3198,80,3198
2019,1,19338,3540,104,3540
2019,2,19251,2812,89,2812
2019,3,18610,2894,86,2894
2019,4,19035,3070,86,3070
2020,1,16845,2796,86,2796
2020,2,11976,1810,160,1810
2020,3,13503,2210,107,2210
2020,4,14442,2543,68,2543
2021,1,15423,2751,81,2751
2021,2,15620,2867,91,2867
2021,3,16285,3255,91,3255
2021,4,17037,3489,93,3489
2022,1,16898,3516,113,3516
2022,2,17367,3674,94,3674
2022,3,16886,3609,68,3609
2022,4,16740,3667,72,3667
2023,1,16815,3760,74,3760
2023,2,16990,3636,79,3636
2023,3,16656,3775,75,3775
2023,4,16462,3778,53,3778
2024,1,16104,3557,86,3557
2024,2,16453,3729,70,3729
2024,3,16650,4082,65,4082
2024,4,16511,4213,67,4213
2025,1,15984,3877,74,3877
2025,2,16169,3772,92,3772
2025,3,15860,4021,85,4021
2025,4,15534,3906,70,3906
