REGION,ANO4,n_con_ingreso_declarado,n_itf_cero_declarado,pct_itf_cero
1,2016,7553,85,1.1253806434529325
1,2017,9888,107,1.0821197411003236
1,2018,9372,111,1.1843790012804096
1,2019,9441,112,1.1863150090032835
1,2020,4991,79,1.582849128431176
1,2021,4508,63,1.3975155279503106
1,2022,6516,95,1.4579496623695518
1,2023,6617,74,1.118331570197975
1,2024,6836,87,1.272674078408426
1,2025,6367,95,1.4920684780901523
40,2016,8933,32,0.3582223217284227
40,2017,11974,39,0.32570569567396024
40,2018,12884,40,0.3104625892579944
40,2019,13231,24,0.1813921850200287
40,2020,10801,48,0.44440329599111195
40,2021,12360,44,0.3559870550161812
40,2022,11940,32,0.26800670016750416
40,2023,11492,22,0.19143752175426385
40,2024,10986,24,0.2184598580010923
40,2025,11049,27,0.24436600597339125
41,2016,4359,24,0.5505849965588437
41,2017,5828,33,0.5662319835277968
41,2018,5891,33,0.5601765404854864
41,2019,6132,29,0.4729288975864318
41,2020,5547,29,0.5228051198846223
41,2021,5608,21,0.3744650499286733
41,2022,5719,24,0.41965378562685784
41,2023,5415,20,0.36934441366574333
41,2024,5321,21,0.39466265739522643
41,2025,4157,11,0.2646139042578783
42,2016,4551,18,0.39551746868820037
42,2017,6430,19,0.2954898911353033
42,2018,6161,11,0.17854244440837527
42,2019,6595,29,0.4397270659590599
42,2020,5841,42,0.7190549563430919
42,2021,5966,25,0.4190412336573919
42,2022,5881,27,0.45910559428668596
42,2023,5601,15,0.2678093197643278
42,2024,5090,25,0.4911591355599214
42,2025,4668,21,0.4498714652956298
43,2016,12055,98,0.8129406885109913
43,2017,17485,115,0.657706605661996
43,2018,18249,107,0.5863334977259028
43,2019,19522,115,0.5890789878086262
43,2020,14187,138,0.9727215056037217
43,2021,15573,148,0.9503628074231041
43,2022,15762,122,0.7740134500697881
43,2023,15473,105,0.6786014347573192
43,2024,14958,88,0.5883139457146678
43,2025,15312,125,0.8163531870428422
44,2016,5546,38,0.6851785070320952
44,2017,7833,55,0.7021575386186646
44,2018,8189,60,0.7326901941629015
44,2019,8997,56,0.6224296987884851
44,2020,6040,85,1.4072847682119205
44,2021,7988,55,0.6885327991987982
44,2022,7607,47,0.6178519784409097
44,2023,7376,45,0.6100867678958786
44,2024,6946,43,0.6190613302620213
44,2025,6418,42,0.6544094733561857
