zona,ANO4,n_con_ingreso_declarado,n_itf_cero_declarado,pct_itf_cero
CABA,2016,1964,23,1.1710794297352343
CABA,2017,2553,27,1.0575793184488838
CABA,2018,2393,24,1.0029251984956122
CABA,2019,2487,16,0.6433453960595095
CABA,2020,1360,15,1.1029411764705883
CABA,2021,1324,14,1.0574018126888218
CABA,2022,1991,30,1.5067805123053741
CABA,2023,1801,19,1.0549694614103275
CABA,2024,1791,26,1.4517029592406476
CABA,2025,1621,20,1.2338062924120914
Partidos del GBA,2016,5589,62,1.109321882268742
Partidos del GBA,2017,7335,80,1.0906612133606
Partidos del GBA,2018,6979,87,1.2465969336581173
Partidos del GBA,2019,6954,96,1.380500431406385
Partidos del GBA,2020,3631,64,1.7625998347562655
Partidos del GBA,2021,3184,49,1.5389447236180904
Partidos del GBA,2022,4525,65,1.4364640883977902
Partidos del GBA,2023,4816,55,1.1420265780730896
Partidos del GBA,2024,5045,61,1.2091179385530229
Partidos del GBA,2025,4746,75,1.5802781289506953
