anio,trimestre,periodo_intervenido,encuesta_telefonica,aglomerados_faltantes,pendiente_rar
2003,3,False,False,,False
2003,4,False,False,,False
2004,1,False,False,,False
2004,2,False,False,,False
2004,3,False,False,,False
2004,4,False,False,,False
2005,1,False,False,,False
2005,2,False,False,,False
2005,3,False,False,,False
2005,4,False,False,,False
2006,1,False,False,,False
2006,2,False,False,,False
2006,3,False,False,,False
2006,4,False,False,,False
2007,1,True,False,,False
2007,2,True,False,,False
2007,4,True,False,,False
2008,1,True,False,,False
2008,2,True,False,,False
2008,3,True,False,,False
2008,4,True,False,,False
2009,1,True,False,,False
2009,2,True,False,,False
2009,3,True,False,,False
2009,4,True,False,,False
2010,1,True,False,,False
2010,2,True,False,,False
2010,3,True,False,,False
2010,4,True,False,,False
2011,1,True,False,,False
2011,2,True,False,,False
2011,3,True,False,,False
2011,4,True,False,,False
2012,1,True,False,,False
2012,2,True,False,,False
2012,3,True,False,,False
2012,4,True,False,,False
2013,1,True,False,,False
2013,2,True,False,,False
2013,3,True,False,,False
2013,4,True,False,,False
2014,1,True,False,,False
2014,2,True,False,,False
2014,3,True,False,,False
2014,4,True,False,,False
2015,1,True,False,,False
2015,2,True,False,,False
2016,2,False,False,,False
2016,3,False,False,,False
2016,4,False,False,,False
2017,1,False,False,,False
2017,2,False,False,,False
2017,3,False,False,,False
2017,4,False,False,,False
2018,1,False,False,,False
2018,2,False,False,,False
2018,3,False,False,,False
2018,4,False,False,,False
2019,1,False,False,,False
2019,2,False,False,,False
2019,3,False,False,8,False
2019,4,False,False,,False
2020,1,False,False,,False
2020,2,False,True,,False
2020,3,False,False,31,False
2020,4,False,False,,False
2021,1,False,False,,False
2021,2,False,False,,False
2021,3,False,False,,False
2021,4,False,False,,False
2022,1,False,False,,False
2022,2,False,False,,False
2022,3,False,False,,False
2022,4,False,False,,False
2023,1,False,False,,False
2023,2,False,False,,False
2023,3,False,False,,False
2023,4,False,False,,False
2024,1,False,False,,False
2024,2,False,False,,False
2024,3,False,False,,False
2024,4,False,False,,False
2025,1,False,False,,False
2025,2,False,False,,False
2025,3,False,False,,False
2025,4,False,False,,False
