anio,trimestre,tipo,variable,tiene_coma,tiene_punto,mezcla
2003,3,hogar,IPCF,False,False,False
2003,3,hogar,ITF,False,False,False
2003,3,individual,P21,False,False,False
2003,3,individual,T_VI,False,False,False
2003,3,individual,V2_M,False,False,False
2003,3,individual,V3_M,False,False,False
2003,3,individual,V4_M,False,False,False
2003,3,individual,V5_M,False,False,False
2003,3,individual,V8_M,False,False,False
2003,3,individual,V9_M,False,False,False
2003,3,individual,V10_M,False,False,False
2003,3,individual,V11_M,False,False,False
2003,3,individual,V12_M,False,False,False
2003,3,individual,V18_M,False,False,False
2003,3,individual,V19_AM,False,False,False
2003,3,individual,V21_M,False,False,False
2003,4,hogar,IPCF,False,False,False
2003,4,hogar,ITF,False,False,False
2003,4,individual,P21,False,False,False
2003,4,individual,T_VI,False,False,False
2003,4,individual,V2_M,False,False,False
2003,4,individual,V3_M,False,False,False
2003,4,individual,V4_M,False,False,False
2003,4,individual,V5_M,False,False,False
2003,4,individual,V8_M,False,False,False
2003,4,individual,V9_M,False,False,False
2003,4,individual,V10_M,False,False,False
2003,4,individual,V11_M,False,False,False
2003,4,individual,V12_M,False,False,False
2003,4,individual,V18_M,False,False,False
2003,4,individual,V19_AM,False,False,False
2003,4,individual,V21_M,False,False,False
2004,1,hogar,IPCF,False,False,False
2004,1,hogar,ITF,False,False,False
2004,1,individual,P21,False,False,False
2004,1,individual,T_VI,False,False,False
2004,1,individual,V2_M,False,False,False
2004,1,individual,V3_M,False,False,False
2004,1,individual,V4_M,False,False,False
2004,1,individual,V5_M,False,False,False
2004,1,individual,V8_M,False,False,False
2004,1,individual,V9_M,False,False,False
2004,1,individual,V10_M,False,False,False
2004,1,individual,V11_M,False,False,False
2004,1,individual,V12_M,False,False,False
2004,1,individual,V18_M,False,False,False
2004,1,individual,V19_AM,False,False,False
2004,1,individual,V21_M,False,False,False
2004,2,hogar,IPCF,False,False,False
2004,2,hogar,ITF,False,False,False
2004,2,individual,P21,False,False,False
2004,2,individual,T_VI,False,False,False
2004,2,individual,V2_M,False,False,False
2004,2,individual,V3_M,False,False,False
2004,2,individual,V4_M,False,False,False
2004,2,individual,V5_M,False,False,False
2004,2,individual,V8_M,False,False,False
2004,2,individual,V9_M,False,False,False
2004,2,individual,V10_M,False,False,False
2004,2,individual,V11_M,False,False,False
2004,2,individual,V12_M,False,False,False
2004,2,individual,V18_M,False,False,False
2004,2,individual,V19_AM,False,False,False
2004,2,individual,V21_M,False,False,False
2004,3,hogar,IPCF,False,False,False
2004,3,hogar,ITF,False,False,False
2004,3,individual,P21,False,False,False
2004,3,individual,T_VI,False,False,False
2004,3,individual,V2_M,False,False,False
2004,3,individual,V3_M,False,False,False
2004,3,individual,V4_M,False,False,False
2004,3,individual,V5_M,False,False,False
2004,3,individual,V8_M,False,False,False
2004,3,individual,V9_M,False,False,False
2004,3,individual,V10_M,False,False,False
2004,3,individual,V11_M,False,False,False
2004,3,individual,V12_M,False,False,False
2004,3,individual,V18_M,False,False,False
2004,3,individual,V19_AM,False,False,False
2004,3,individual,V21_M,False,False,False
2004,4,hogar,IPCF,False,False,False
2004,4,hogar,ITF,False,False,False
2004,4,individual,P21,False,False,False
2004,4,individual,T_VI,False,False,False
2004,4,individual,V2_M,False,False,False
2004,4,individual,V3_M,False,False,False
2004,4,individual,V4_M,False,False,False
2004,4,individual,V5_M,False,False,False
2004,4,individual,V8_M,False,False,False
2004,4,individual,V9_M,False,False,False
2004,4,individual,V10_M,False,False,False
2004,4,individual,V11_M,False,False,False
2004,4,individual,V12_M,False,False,False
2004,4,individual,V18_M,False,False,False
2004,4,individual,V19_AM,False,False,False
2004,4,individual,V21_M,False,False,False
2005,1,hogar,IPCF,False,False,False
2005,1,hogar,ITF,False,False,False
2005,1,individual,P21,False,False,False
2005,1,individual,T_VI,False,False,False
2005,1,individual,V2_M,False,False,False
2005,1,individual,V3_M,False,False,False
2005,1,individual,V4_M,False,False,False
2005,1,individual,V5_M,False,False,False
2005,1,individual,V8_M,False,False,False
2005,1,individual,V9_M,False,False,False
2005,1,individual,V10_M,False,False,False
2005,1,individual,V11_M,False,False,False
2005,1,individual,V12_M,False,False,False
2005,1,individual,V18_M,False,False,False
2005,1,individual,V19_AM,False,False,False
2005,1,individual,V21_M,False,False,False
2005,2,hogar,IPCF,False,False,False
2005,2,hogar,ITF,False,False,False
2005,2,individual,P21,False,False,False
2005,2,individual,T_VI,False,False,False
2005,2,individual,V2_M,False,False,False
2005,2,individual,V3_M,False,False,False
2005,2,individual,V4_M,False,False,False
2005,2,individual,V5_M,False,False,False
2005,2,individual,V8_M,False,False,False
2005,2,individual,V9_M,False,False,False
2005,2,individual,V10_M,False,False,False
2005,2,individual,V11_M,False,False,False
2005,2,individual,V12_M,False,False,False
2005,2,individual,V18_M,False,False,False
2005,2,individual,V19_AM,False,False,False
2005,2,individual,V21_M,False,False,False
2005,3,hogar,IPCF,False,False,False
2005,3,hogar,ITF,False,False,False
2005,3,individual,P21,False,False,False
2005,3,individual,T_VI,False,False,False
2005,3,individual,V2_M,False,False,False
2005,3,individual,V3_M,False,False,False
2005,3,individual,V4_M,False,False,False
2005,3,individual,V5_M,False,False,False
2005,3,individual,V8_M,False,False,False
2005,3,individual,V9_M,False,False,False
2005,3,individual,V10_M,False,False,False
2005,3,individual,V11_M,False,False,False
2005,3,individual,V12_M,False,False,False
2005,3,individual,V18_M,False,False,False
2005,3,individual,V19_AM,False,False,False
2005,3,individual,V21_M,False,False,False
2005,4,hogar,IPCF,False,False,False
2005,4,hogar,ITF,False,False,False
2005,4,individual,P21,False,False,False
2005,4,individual,T_VI,False,False,False
2005,4,individual,V2_M,False,False,False
2005,4,individual,V3_M,False,False,False
2005,4,individual,V4_M,False,False,False
2005,4,individual,V5_M,False,False,False
2005,4,individual,V8_M,False,False,False
2005,4,individual,V9_M,False,False,False
2005,4,individual,V10_M,False,False,False
2005,4,individual,V11_M,False,False,False
2005,4,individual,V12_M,False,False,False
2005,4,individual,V18_M,False,False,False
2005,4,individual,V19_AM,False,False,False
2005,4,individual,V21_M,False,False,False
2006,1,hogar,IPCF,False,False,False
2006,1,hogar,ITF,False,False,False
2006,1,individual,P21,False,False,False
2006,1,individual,T_VI,False,False,False
2006,1,individual,V2_M,False,False,False
2006,1,individual,V3_M,False,False,False
2006,1,individual,V4_M,False,False,False
2006,1,individual,V5_M,False,False,False
2006,1,individual,V8_M,False,False,False
2006,1,individual,V9_M,False,False,False
2006,1,individual,V10_M,False,False,False
2006,1,individual,V11_M,False,False,False
2006,1,individual,V12_M,False,False,False
2006,1,individual,V18_M,False,False,False
2006,1,individual,V19_AM,False,False,False
2006,1,individual,V21_M,False,False,False
2006,2,hogar,IPCF,False,False,False
2006,2,hogar,ITF,False,False,False
2006,2,individual,P21,False,False,False
2006,2,individual,T_VI,False,False,False
2006,2,individual,V2_M,False,False,False
2006,2,individual,V3_M,False,False,False
2006,2,individual,V4_M,False,False,False
2006,2,individual,V5_M,False,False,False
2006,2,individual,V8_M,False,False,False
2006,2,individual,V9_M,False,False,False
2006,2,individual,V10_M,False,False,False
2006,2,individual,V11_M,False,False,False
2006,2,individual,V12_M,False,False,False
2006,2,individual,V18_M,False,False,False
2006,2,individual,V19_AM,False,False,False
2006,2,individual,V21_M,False,False,False
2006,3,hogar,IPCF,False,False,False
2006,3,hogar,ITF,False,False,False
2006,3,individual,P21,False,False,False
2006,3,individual,T_VI,False,False,False
2006,3,individual,V2_M,False,False,False
2006,3,individual,V3_M,False,False,False
2006,3,individual,V4_M,False,False,False
2006,3,individual,V5_M,False,False,False
2006,3,individual,V8_M,False,False,False
2006,3,individual,V9_M,False,False,False
2006,3,individual,V10_M,False,False,False
2006,3,individual,V11_M,False,False,False
2006,3,individual,V12_M,False,False,False
2006,3,individual,V18_M,False,False,False
2006,3,individual,V19_AM,False,False,False
2006,3,individual,V21_M,False,False,False
2006,4,hogar,IPCF,False,False,False
2006,4,hogar,ITF,False,False,False
2006,4,individual,P21,False,False,False
2006,4,individual,T_VI,False,False,False
2006,4,individual,V2_M,False,False,False
2006,4,individual,V3_M,False,False,False
2006,4,individual,V4_M,False,False,False
2006,4,individual,V5_M,False,False,False
2006,4,individual,V8_M,False,False,False
2006,4,individual,V9_M,False,False,False
2006,4,individual,V10_M,False,False,False
2006,4,individual,V11_M,False,False,False
2006,4,individual,V12_M,False,False,False
2006,4,individual,V18_M,False,False,False
2006,4,individual,V19_AM,False,False,False
2006,4,individual,V21_M,False,False,False
2007,1,hogar,IPCF,False,False,False
2007,1,hogar,ITF,False,False,False
2007,1,individual,P21,False,False,False
2007,1,individual,T_VI,False,False,False
2007,1,individual,V2_M,False,False,False
2007,1,individual,V3_M,False,False,False
2007,1,individual,V4_M,False,False,False
2007,1,individual,V5_M,False,False,False
2007,1,individual,V8_M,False,False,False
2007,1,individual,V9_M,False,False,False
2007,1,individual,V10_M,False,False,False
2007,1,individual,V11_M,False,False,False
2007,1,individual,V12_M,False,False,False
2007,1,individual,V18_M,False,False,False
2007,1,individual,V19_AM,False,False,False
2007,1,individual,V21_M,False,False,False
2007,2,hogar,IPCF,False,False,False
2007,2,hogar,ITF,False,False,False
2007,2,individual,P21,False,False,False
2007,2,individual,T_VI,False,False,False
2007,2,individual,V2_M,False,False,False
2007,2,individual,V3_M,False,False,False
2007,2,individual,V4_M,False,False,False
2007,2,individual,V5_M,False,False,False
2007,2,individual,V8_M,False,False,False
2007,2,individual,V9_M,False,False,False
2007,2,individual,V10_M,False,False,False
2007,2,individual,V11_M,False,False,False
2007,2,individual,V12_M,False,False,False
2007,2,individual,V18_M,False,False,False
2007,2,individual,V19_AM,False,False,False
2007,2,individual,V21_M,False,False,False
2007,4,hogar,IPCF,False,False,False
2007,4,hogar,ITF,False,False,False
2007,4,individual,P21,False,False,False
2007,4,individual,T_VI,False,False,False
2007,4,individual,V2_M,False,False,False
2007,4,individual,V3_M,False,False,False
2007,4,individual,V4_M,False,False,False
2007,4,individual,V5_M,False,False,False
2007,4,individual,V8_M,False,False,False
2007,4,individual,V9_M,False,False,False
2007,4,individual,V10_M,False,False,False
2007,4,individual,V11_M,False,False,False
2007,4,individual,V12_M,False,False,False
2007,4,individual,V18_M,False,False,False
2007,4,individual,V19_AM,False,False,False
2007,4,individual,V21_M,False,False,False
2008,1,hogar,IPCF,False,False,False
2008,1,hogar,ITF,False,False,False
2008,1,individual,P21,False,False,False
2008,1,individual,T_VI,False,False,False
2008,1,individual,V2_M,False,False,False
2008,1,individual,V3_M,False,False,False
2008,1,individual,V4_M,False,False,False
2008,1,individual,V5_M,False,False,False
2008,1,individual,V8_M,False,False,False
2008,1,individual,V9_M,False,False,False
2008,1,individual,V10_M,False,False,False
2008,1,individual,V11_M,False,False,False
2008,1,individual,V12_M,False,False,False
2008,1,individual,V18_M,False,False,False
2008,1,individual,V19_AM,False,False,False
2008,1,individual,V21_M,False,False,False
2008,2,hogar,IPCF,False,False,False
2008,2,hogar,ITF,False,False,False
2008,2,individual,P21,False,False,False
2008,2,individual,T_VI,False,False,False
2008,2,individual,V2_M,False,False,False
2008,2,individual,V3_M,False,False,False
2008,2,individual,V4_M,False,False,False
2008,2,individual,V5_M,False,False,False
2008,2,individual,V8_M,False,False,False
2008,2,individual,V9_M,False,False,False
2008,2,individual,V10_M,False,False,False
2008,2,individual,V11_M,False,False,False
2008,2,individual,V12_M,False,False,False
2008,2,individual,V18_M,False,False,False
2008,2,individual,V19_AM,False,False,False
2008,2,individual,V21_M,False,False,False
2008,3,hogar,IPCF,False,False,False
2008,3,hogar,ITF,False,False,False
2008,3,individual,P21,False,False,False
2008,3,individual,T_VI,False,False,False
2008,3,individual,V2_M,False,False,False
2008,3,individual,V3_M,False,False,False
2008,3,individual,V4_M,False,False,False
2008,3,individual,V5_M,False,False,False
2008,3,individual,V8_M,False,False,False
2008,3,individual,V9_M,False,False,False
2008,3,individual,V10_M,False,False,False
2008,3,individual,V11_M,False,False,False
2008,3,individual,V12_M,False,False,False
2008,3,individual,V18_M,False,False,False
2008,3,individual,V19_AM,False,False,False
2008,3,individual,V21_M,False,False,False
2008,4,hogar,IPCF,False,False,False
2008,4,hogar,ITF,False,False,False
2008,4,individual,P21,False,False,False
2008,4,individual,T_VI,False,False,False
2008,4,individual,V2_M,False,False,False
2008,4,individual,V3_M,False,False,False
2008,4,individual,V4_M,False,False,False
2008,4,individual,V5_M,False,False,False
2008,4,individual,V8_M,False,False,False
2008,4,individual,V9_M,False,False,False
2008,4,individual,V10_M,False,False,False
2008,4,individual,V11_M,False,False,False
2008,4,individual,V12_M,False,False,False
2008,4,individual,V18_M,False,False,False
2008,4,individual,V19_AM,False,False,False
2008,4,individual,V21_M,False,False,False
2009,1,hogar,IPCF,False,False,False
2009,1,hogar,ITF,False,False,False
2009,1,individual,P21,False,False,False
2009,1,individual,T_VI,False,False,False
2009,1,individual,V2_M,False,False,False
2009,1,individual,V3_M,False,False,False
2009,1,individual,V4_M,False,False,False
2009,1,individual,V5_M,False,False,False
2009,1,individual,V8_M,False,False,False
2009,1,individual,V9_M,False,False,False
2009,1,individual,V10_M,False,False,False
2009,1,individual,V11_M,False,False,False
2009,1,individual,V12_M,False,False,False
2009,1,individual,V18_M,False,False,False
2009,1,individual,V19_AM,False,False,False
2009,1,individual,V21_M,False,False,False
2009,2,hogar,IPCF,False,False,False
2009,2,hogar,ITF,False,False,False
2009,2,individual,P21,False,False,False
2009,2,individual,T_VI,False,False,False
2009,2,individual,V2_M,False,False,False
2009,2,individual,V3_M,False,False,False
2009,2,individual,V4_M,False,False,False
2009,2,individual,V5_M,False,False,False
2009,2,individual,V8_M,False,False,False
2009,2,individual,V9_M,False,False,False
2009,2,individual,V10_M,False,False,False
2009,2,individual,V11_M,False,False,False
2009,2,individual,V12_M,False,False,False
2009,2,individual,V18_M,False,False,False
2009,2,individual,V19_AM,False,False,False
2009,2,individual,V21_M,False,False,False
2009,3,hogar,IPCF,False,False,False
2009,3,hogar,ITF,False,False,False
2009,3,individual,P21,False,False,False
2009,3,individual,T_VI,False,False,False
2009,3,individual,V2_M,False,False,False
2009,3,individual,V3_M,False,False,False
2009,3,individual,V4_M,False,False,False
2009,3,individual,V5_M,False,False,False
2009,3,individual,V8_M,False,False,False
2009,3,individual,V9_M,False,False,False
2009,3,individual,V10_M,False,False,False
2009,3,individual,V11_M,False,False,False
2009,3,individual,V12_M,False,False,False
2009,3,individual,V18_M,False,False,False
2009,3,individual,V19_AM,False,False,False
2009,3,individual,V21_M,False,False,False
2009,4,hogar,IPCF,False,False,False
2009,4,hogar,ITF,False,False,False
2009,4,individual,P21,False,False,False
2009,4,individual,T_VI,False,False,False
2009,4,individual,V2_M,False,False,False
2009,4,individual,V3_M,False,False,False
2009,4,individual,V4_M,False,False,False
2009,4,individual,V5_M,False,False,False
2009,4,individual,V8_M,False,False,False
2009,4,individual,V9_M,False,False,False
2009,4,individual,V10_M,False,False,False
2009,4,individual,V11_M,False,False,False
2009,4,individual,V12_M,False,False,False
2009,4,individual,V18_M,False,False,False
2009,4,individual,V19_AM,False,False,False
2009,4,individual,V21_M,False,False,False
2010,1,hogar,IPCF,False,False,False
2010,1,hogar,ITF,False,False,False
2010,1,individual,P21,False,False,False
2010,1,individual,T_VI,False,False,False
2010,1,individual,V2_M,False,False,False
2010,1,individual,V3_M,False,False,False
2010,1,individual,V4_M,False,False,False
2010,1,individual,V5_M,False,False,False
2010,1,individual,V8_M,False,False,False
2010,1,individual,V9_M,False,False,False
2010,1,individual,V10_M,False,False,False
2010,1,individual,V11_M,False,False,False
2010,1,individual,V12_M,False,False,False
2010,1,individual,V18_M,False,False,False
2010,1,individual,V19_AM,False,False,False
2010,1,individual,V21_M,False,False,False
2010,2,hogar,IPCF,False,False,False
2010,2,hogar,ITF,False,False,False
2010,2,individual,P21,False,False,False
2010,2,individual,T_VI,False,False,False
2010,2,individual,V2_M,False,False,False
2010,2,individual,V3_M,False,False,False
2010,2,individual,V4_M,False,False,False
2010,2,individual,V5_M,False,False,False
2010,2,individual,V8_M,False,False,False
2010,2,individual,V9_M,False,False,False
2010,2,individual,V10_M,False,False,False
2010,2,individual,V11_M,False,False,False
2010,2,individual,V12_M,False,False,False
2010,2,individual,V18_M,False,False,False
2010,2,individual,V19_AM,False,False,False
2010,2,individual,V21_M,False,False,False
2010,3,hogar,IPCF,False,False,False
2010,3,hogar,ITF,False,False,False
2010,3,individual,P21,False,False,False
2010,3,individual,T_VI,False,False,False
2010,3,individual,V2_M,False,False,False
2010,3,individual,V3_M,False,False,False
2010,3,individual,V4_M,False,False,False
2010,3,individual,V5_M,False,False,False
2010,3,individual,V8_M,False,False,False
2010,3,individual,V9_M,False,False,False
2010,3,individual,V10_M,False,False,False
2010,3,individual,V11_M,False,False,False
2010,3,individual,V12_M,False,False,False
2010,3,individual,V18_M,False,False,False
2010,3,individual,V19_AM,False,False,False
2010,3,individual,V21_M,False,False,False
2010,4,hogar,IPCF,False,False,False
2010,4,hogar,ITF,False,False,False
2010,4,individual,P21,False,False,False
2010,4,individual,T_VI,False,False,False
2010,4,individual,V2_M,False,False,False
2010,4,individual,V3_M,False,False,False
2010,4,individual,V4_M,False,False,False
2010,4,individual,V5_M,False,False,False
2010,4,individual,V8_M,False,False,False
2010,4,individual,V9_M,False,False,False
2010,4,individual,V10_M,False,False,False
2010,4,individual,V11_M,False,False,False
2010,4,individual,V12_M,False,False,False
2010,4,individual,V18_M,False,False,False
2010,4,individual,V19_AM,False,False,False
2010,4,individual,V21_M,False,False,False
2011,1,hogar,IPCF,False,False,False
2011,1,hogar,ITF,False,False,False
2011,1,individual,P21,False,False,False
2011,1,individual,T_VI,False,False,False
2011,1,individual,V2_M,False,False,False
2011,1,individual,V3_M,False,False,False
2011,1,individual,V4_M,False,False,False
2011,1,individual,V5_M,False,False,False
2011,1,individual,V8_M,False,False,False
2011,1,individual,V9_M,False,False,False
2011,1,individual,V10_M,False,False,False
2011,1,individual,V11_M,False,False,False
2011,1,individual,V12_M,False,False,False
2011,1,individual,V18_M,False,False,False
2011,1,individual,V19_AM,False,False,False
2011,1,individual,V21_M,False,False,False
2011,2,hogar,IPCF,False,False,False
2011,2,hogar,ITF,False,False,False
2011,2,individual,P21,False,False,False
2011,2,individual,T_VI,False,False,False
2011,2,individual,V2_M,False,False,False
2011,2,individual,V3_M,False,False,False
2011,2,individual,V4_M,False,False,False
2011,2,individual,V5_M,False,False,False
2011,2,individual,V8_M,False,False,False
2011,2,individual,V9_M,False,False,False
2011,2,individual,V10_M,False,False,False
2011,2,individual,V11_M,False,False,False
2011,2,individual,V12_M,False,False,False
2011,2,individual,V18_M,False,False,False
2011,2,individual,V19_AM,False,False,False
2011,2,individual,V21_M,False,False,False
2011,3,hogar,IPCF,False,False,False
2011,3,hogar,ITF,False,False,False
2011,3,individual,P21,False,False,False
2011,3,individual,T_VI,False,False,False
2011,3,individual,V2_M,False,False,False
2011,3,individual,V3_M,False,False,False
2011,3,individual,V4_M,False,False,False
2011,3,individual,V5_M,False,False,False
2011,3,individual,V8_M,False,False,False
2011,3,individual,V9_M,False,False,False
2011,3,individual,V10_M,False,False,False
2011,3,individual,V11_M,False,False,False
2011,3,individual,V12_M,False,False,False
2011,3,individual,V18_M,False,False,False
2011,3,individual,V19_AM,False,False,False
2011,3,individual,V21_M,False,False,False
2011,4,hogar,IPCF,False,False,False
2011,4,hogar,ITF,False,False,False
2011,4,individual,P21,False,False,False
2011,4,individual,T_VI,False,False,False
2011,4,individual,V2_M,False,False,False
2011,4,individual,V3_M,False,False,False
2011,4,individual,V4_M,False,False,False
2011,4,individual,V5_M,False,False,False
2011,4,individual,V8_M,False,False,False
2011,4,individual,V9_M,False,False,False
2011,4,individual,V10_M,False,False,False
2011,4,individual,V11_M,False,False,False
2011,4,individual,V12_M,False,False,False
2011,4,individual,V18_M,False,False,False
2011,4,individual,V19_AM,False,False,False
2011,4,individual,V21_M,False,False,False
2012,1,hogar,IPCF,False,False,False
2012,1,hogar,ITF,False,False,False
2012,1,individual,P21,False,False,False
2012,1,individual,T_VI,False,False,False
2012,1,individual,V2_M,False,False,False
2012,1,individual,V3_M,False,False,False
2012,1,individual,V4_M,False,False,False
2012,1,individual,V5_M,False,False,False
2012,1,individual,V8_M,False,False,False
2012,1,individual,V9_M,False,False,False
2012,1,individual,V10_M,False,False,False
2012,1,individual,V11_M,False,False,False
2012,1,individual,V12_M,False,False,False
2012,1,individual,V18_M,False,False,False
2012,1,individual,V19_AM,False,False,False
2012,1,individual,V21_M,False,False,False
2012,2,hogar,IPCF,False,False,False
2012,2,hogar,ITF,False,False,False
2012,2,individual,P21,False,False,False
2012,2,individual,T_VI,False,False,False
2012,2,individual,V2_M,False,False,False
2012,2,individual,V3_M,False,False,False
2012,2,individual,V4_M,False,False,False
2012,2,individual,V5_M,False,False,False
2012,2,individual,V8_M,False,False,False
2012,2,individual,V9_M,False,False,False
2012,2,individual,V10_M,False,False,False
2012,2,individual,V11_M,False,False,False
2012,2,individual,V12_M,False,False,False
2012,2,individual,V18_M,False,False,False
2012,2,individual,V19_AM,False,False,False
2012,2,individual,V21_M,False,False,False
2012,3,hogar,IPCF,False,False,False
2012,3,hogar,ITF,False,False,False
2012,3,individual,P21,False,False,False
2012,3,individual,T_VI,False,False,False
2012,3,individual,V2_M,False,False,False
2012,3,individual,V3_M,False,False,False
2012,3,individual,V4_M,False,False,False
2012,3,individual,V5_M,False,False,False
2012,3,individual,V8_M,False,False,False
2012,3,individual,V9_M,False,False,False
2012,3,individual,V10_M,False,False,False
2012,3,individual,V11_M,False,False,False
2012,3,individual,V12_M,False,False,False
2012,3,individual,V18_M,False,False,False
2012,3,individual,V19_AM,False,False,False
2012,3,individual,V21_M,False,False,False
2012,4,hogar,IPCF,False,False,False
2012,4,hogar,ITF,False,False,False
2012,4,individual,P21,False,False,False
2012,4,individual,T_VI,False,False,False
2012,4,individual,V2_M,False,False,False
2012,4,individual,V3_M,False,False,False
2012,4,individual,V4_M,False,False,False
2012,4,individual,V5_M,False,False,False
2012,4,individual,V8_M,False,False,False
2012,4,individual,V9_M,False,False,False
2012,4,individual,V10_M,False,False,False
2012,4,individual,V11_M,False,False,False
2012,4,individual,V12_M,False,False,False
2012,4,individual,V18_M,False,False,False
2012,4,individual,V19_AM,False,False,False
2012,4,individual,V21_M,False,False,False
2013,1,hogar,IPCF,False,False,False
2013,1,hogar,ITF,False,False,False
2013,1,individual,P21,False,False,False
2013,1,individual,T_VI,False,False,False
2013,1,individual,V2_M,False,False,False
2013,1,individual,V3_M,False,False,False
2013,1,individual,V4_M,False,False,False
2013,1,individual,V5_M,False,False,False
2013,1,individual,V8_M,False,False,False
2013,1,individual,V9_M,False,False,False
2013,1,individual,V10_M,False,False,False
2013,1,individual,V11_M,False,False,False
2013,1,individual,V12_M,False,False,False
2013,1,individual,V18_M,False,False,False
2013,1,individual,V19_AM,False,False,False
2013,1,individual,V21_M,False,False,False
2013,2,hogar,IPCF,False,False,False
2013,2,hogar,ITF,False,False,False
2013,2,individual,P21,False,False,False
2013,2,individual,T_VI,False,False,False
2013,2,individual,V2_M,False,False,False
2013,2,individual,V3_M,False,False,False
2013,2,individual,V4_M,False,False,False
2013,2,individual,V5_M,False,False,False
2013,2,individual,V8_M,False,False,False
2013,2,individual,V9_M,False,False,False
2013,2,individual,V10_M,False,False,False
2013,2,individual,V11_M,False,False,False
2013,2,individual,V12_M,False,False,False
2013,2,individual,V18_M,False,False,False
2013,2,individual,V19_AM,False,False,False
2013,2,individual,V21_M,False,False,False
2013,3,hogar,IPCF,False,False,False
2013,3,hogar,ITF,False,False,False
2013,3,individual,P21,False,False,False
2013,3,individual,T_VI,False,False,False
2013,3,individual,V2_M,False,False,False
2013,3,individual,V3_M,False,False,False
2013,3,individual,V4_M,False,False,False
2013,3,individual,V5_M,False,False,False
2013,3,individual,V8_M,False,False,False
2013,3,individual,V9_M,False,False,False
2013,3,individual,V10_M,False,False,False
2013,3,individual,V11_M,False,False,False
2013,3,individual,V12_M,False,False,False
2013,3,individual,V18_M,False,False,False
2013,3,individual,V19_AM,False,False,False
2013,3,individual,V21_M,False,False,False
2013,4,hogar,IPCF,False,False,False
2013,4,hogar,ITF,False,False,False
2013,4,individual,P21,False,False,False
2013,4,individual,T_VI,False,False,False
2013,4,individual,V2_M,False,False,False
2013,4,individual,V3_M,False,False,False
2013,4,individual,V4_M,False,False,False
2013,4,individual,V5_M,False,False,False
2013,4,individual,V8_M,False,False,False
2013,4,individual,V9_M,False,False,False
2013,4,individual,V10_M,False,False,False
2013,4,individual,V11_M,False,False,False
2013,4,individual,V12_M,False,False,False
2013,4,individual,V18_M,False,False,False
2013,4,individual,V19_AM,False,False,False
2013,4,individual,V21_M,False,False,False
2014,1,hogar,IPCF,False,False,False
2014,1,hogar,ITF,False,False,False
2014,1,individual,P21,False,False,False
2014,1,individual,T_VI,False,False,False
2014,1,individual,V2_M,False,False,False
2014,1,individual,V3_M,False,False,False
2014,1,individual,V4_M,False,False,False
2014,1,individual,V5_M,False,False,False
2014,1,individual,V8_M,False,False,False
2014,1,individual,V9_M,False,False,False
2014,1,individual,V10_M,False,False,False
2014,1,individual,V11_M,False,False,False
2014,1,individual,V12_M,False,False,False
2014,1,individual,V18_M,False,False,False
2014,1,individual,V19_AM,False,False,False
2014,1,individual,V21_M,False,False,False
2014,2,hogar,IPCF,False,False,False
2014,2,hogar,ITF,False,False,False
2014,2,individual,P21,False,False,False
2014,2,individual,T_VI,False,False,False
2014,2,individual,V2_M,False,False,False
2014,2,individual,V3_M,False,False,False
2014,2,individual,V4_M,False,False,False
2014,2,individual,V5_M,False,False,False
2014,2,individual,V8_M,False,False,False
2014,2,individual,V9_M,False,False,False
2014,2,individual,V10_M,False,False,False
2014,2,individual,V11_M,False,False,False
2014,2,individual,V12_M,False,False,False
2014,2,individual,V18_M,False,False,False
2014,2,individual,V19_AM,False,False,False
2014,2,individual,V21_M,False,False,False
2014,3,hogar,IPCF,False,False,False
2014,3,hogar,ITF,False,False,False
2014,3,individual,P21,False,False,False
2014,3,individual,T_VI,False,False,False
2014,3,individual,V2_M,False,False,False
2014,3,individual,V3_M,False,False,False
2014,3,individual,V4_M,False,False,False
2014,3,individual,V5_M,False,False,False
2014,3,individual,V8_M,False,False,False
2014,3,individual,V9_M,False,False,False
2014,3,individual,V10_M,False,False,False
2014,3,individual,V11_M,False,False,False
2014,3,individual,V12_M,False,False,False
2014,3,individual,V18_M,False,False,False
2014,3,individual,V19_AM,False,False,False
2014,3,individual,V21_M,False,False,False
2014,4,hogar,IPCF,False,False,False
2014,4,hogar,ITF,False,False,False
2014,4,individual,P21,False,False,False
2014,4,individual,T_VI,False,False,False
2014,4,individual,V2_M,False,False,False
2014,4,individual,V3_M,False,False,False
2014,4,individual,V4_M,False,False,False
2014,4,individual,V5_M,False,False,False
2014,4,individual,V8_M,False,False,False
2014,4,individual,V9_M,False,False,False
2014,4,individual,V10_M,False,False,False
2014,4,individual,V11_M,False,False,False
2014,4,individual,V12_M,False,False,False
2014,4,individual,V18_M,False,False,False
2014,4,individual,V19_AM,False,False,False
2014,4,individual,V21_M,False,False,False
2015,1,hogar,IPCF,False,False,False
2015,1,hogar,ITF,False,False,False
2015,1,individual,P21,False,False,False
2015,1,individual,T_VI,False,False,False
2015,1,individual,V2_M,False,False,False
2015,1,individual,V3_M,False,False,False
2015,1,individual,V4_M,False,False,False
2015,1,individual,V5_M,False,False,False
2015,1,individual,V8_M,False,False,False
2015,1,individual,V9_M,False,False,False
2015,1,individual,V10_M,False,False,False
2015,1,individual,V11_M,False,False,False
2015,1,individual,V12_M,False,False,False
2015,1,individual,V18_M,False,False,False
2015,1,individual,V19_AM,False,False,False
2015,1,individual,V21_M,False,False,False
2015,2,hogar,IPCF,False,False,False
2015,2,hogar,ITF,False,False,False
2015,2,individual,P21,False,False,False
2015,2,individual,T_VI,False,False,False
2015,2,individual,V2_M,False,False,False
2015,2,individual,V3_M,False,False,False
2015,2,individual,V4_M,False,False,False
2015,2,individual,V5_M,False,False,False
2015,2,individual,V8_M,False,False,False
2015,2,individual,V9_M,False,False,False
2015,2,individual,V10_M,False,False,False
2015,2,individual,V11_M,False,False,False
2015,2,individual,V12_M,False,False,False
2015,2,individual,V18_M,False,False,False
2015,2,individual,V19_AM,False,False,False
2015,2,individual,V21_M,False,False,False
2016,2,hogar,IPCF,False,False,False
2016,2,hogar,ITF,False,False,False
2016,2,individual,P21,False,False,False
2016,2,individual,T_VI,False,False,False
2016,2,individual,V2_M,False,False,False
2016,2,individual,V3_M,False,False,False
2016,2,individual,V4_M,False,False,False
2016,2,individual,V5_M,False,False,False
2016,2,individual,V8_M,False,False,False
2016,2,individual,V9_M,False,False,False
2016,2,individual,V10_M,False,False,False
2016,2,individual,V11_M,False,False,False
2016,2,individual,V12_M,False,False,False
2016,2,individual,V18_M,False,False,False
2016,2,individual,V19_AM,False,False,False
2016,2,individual,V21_M,False,False,False
2016,3,hogar,IPCF,False,False,False
2016,3,hogar,ITF,False,False,False
2016,3,individual,P21,False,False,False
2016,3,individual,T_VI,False,False,False
2016,3,individual,V2_M,False,False,False
2016,3,individual,V3_M,False,False,False
2016,3,individual,V4_M,False,False,False
2016,3,individual,V5_M,False,False,False
2016,3,individual,V8_M,False,False,False
2016,3,individual,V9_M,False,False,False
2016,3,individual,V10_M,False,False,False
2016,3,individual,V11_M,False,False,False
2016,3,individual,V12_M,False,False,False
2016,3,individual,V18_M,False,False,False
2016,3,individual,V19_AM,False,False,False
2016,3,individual,V21_M,False,False,False
2016,4,hogar,IPCF,False,False,False
2016,4,hogar,ITF,False,False,False
2016,4,individual,P21,False,False,False
2016,4,individual,T_VI,False,False,False
2016,4,individual,V2_M,False,False,False
2016,4,individual,V3_M,False,False,False
2016,4,individual,V4_M,False,False,False
2016,4,individual,V5_M,False,False,False
2016,4,individual,V8_M,False,False,False
2016,4,individual,V9_M,False,False,False
2016,4,individual,V10_M,False,False,False
2016,4,individual,V11_M,False,False,False
2016,4,individual,V12_M,False,False,False
2016,4,individual,V18_M,False,False,False
2016,4,individual,V19_AM,False,False,False
2016,4,individual,V21_M,False,False,False
2017,1,hogar,IPCF,False,False,False
2017,1,hogar,ITF,False,False,False
2017,1,individual,P21,False,False,False
2017,1,individual,T_VI,False,False,False
2017,1,individual,V2_M,False,False,False
2017,1,individual,V3_M,False,False,False
2017,1,individual,V4_M,False,False,False
2017,1,individual,V5_M,False,False,False
2017,1,individual,V8_M,False,False,False
2017,1,individual,V9_M,False,False,False
2017,1,individual,V10_M,False,False,False
2017,1,individual,V11_M,False,False,False
2017,1,individual,V12_M,False,False,False
2017,1,individual,V18_M,False,False,False
2017,1,individual,V19_AM,False,False,False
2017,1,individual,V21_M,False,False,False
2017,2,hogar,IPCF,False,False,False
2017,2,hogar,ITF,False,False,False
2017,2,individual,P21,False,False,False
2017,2,individual,T_VI,False,False,False
2017,2,individual,V2_M,False,False,False
2017,2,individual,V3_M,False,False,False
2017,2,individual,V4_M,False,False,False
2017,2,individual,V5_M,False,False,False
2017,2,individual,V8_M,False,False,False
2017,2,individual,V9_M,False,False,False
2017,2,individual,V10_M,False,False,False
2017,2,individual,V11_M,False,False,False
2017,2,individual,V12_M,False,False,False
2017,2,individual,V18_M,False,False,False
2017,2,individual,V19_AM,False,False,False
2017,2,individual,V21_M,False,False,False
2017,3,hogar,IPCF,False,False,False
2017,3,hogar,ITF,False,False,False
2017,3,individual,P21,False,False,False
2017,3,individual,T_VI,False,False,False
2017,3,individual,V2_M,False,False,False
2017,3,individual,V3_M,False,False,False
2017,3,individual,V4_M,False,False,False
2017,3,individual,V5_M,False,False,False
2017,3,individual,V8_M,False,False,False
2017,3,individual,V9_M,False,False,False
2017,3,individual,V10_M,False,False,False
2017,3,individual,V11_M,False,False,False
2017,3,individual,V12_M,False,False,False
2017,3,individual,V18_M,False,False,False
2017,3,individual,V19_AM,False,False,False
2017,3,individual,V21_M,False,False,False
2017,4,hogar,IPCF,False,False,False
2017,4,hogar,ITF,False,False,False
2017,4,individual,P21,False,False,False
2017,4,individual,T_VI,False,False,False
2017,4,individual,V2_M,False,False,False
2017,4,individual,V3_M,False,False,False
2017,4,individual,V4_M,False,False,False
2017,4,individual,V5_M,False,False,False
2017,4,individual,V8_M,False,False,False
2017,4,individual,V9_M,False,False,False
2017,4,individual,V10_M,False,False,False
2017,4,individual,V11_M,False,False,False
2017,4,individual,V12_M,False,False,False
2017,4,individual,V18_M,False,False,False
2017,4,individual,V19_AM,False,False,False
2017,4,individual,V21_M,False,False,False
2018,1,hogar,IPCF,False,False,False
2018,1,hogar,ITF,False,False,False
2018,1,individual,P21,False,False,False
2018,1,individual,T_VI,False,False,False
2018,1,individual,V2_M,False,False,False
2018,1,individual,V3_M,False,False,False
2018,1,individual,V4_M,False,False,False
2018,1,individual,V5_M,False,False,False
2018,1,individual,V8_M,False,False,False
2018,1,individual,V9_M,False,False,False
2018,1,individual,V10_M,False,False,False
2018,1,individual,V11_M,False,False,False
2018,1,individual,V12_M,False,False,False
2018,1,individual,V18_M,False,False,False
2018,1,individual,V19_AM,False,False,False
2018,1,individual,V21_M,False,False,False
2018,2,hogar,IPCF,False,False,False
2018,2,hogar,ITF,False,False,False
2018,2,individual,P21,False,False,False
2018,2,individual,T_VI,False,False,False
2018,2,individual,V2_M,False,False,False
2018,2,individual,V3_M,False,False,False
2018,2,individual,V4_M,False,False,False
2018,2,individual,V5_M,False,False,False
2018,2,individual,V8_M,False,False,False
2018,2,individual,V9_M,False,False,False
2018,2,individual,V10_M,False,False,False
2018,2,individual,V11_M,False,False,False
2018,2,individual,V12_M,False,False,False
2018,2,individual,V18_M,False,False,False
2018,2,individual,V19_AM,False,False,False
2018,2,individual,V21_M,False,False,False
2018,3,hogar,IPCF,False,False,False
2018,3,hogar,ITF,False,False,False
2018,3,individual,P21,False,False,False
2018,3,individual,T_VI,False,False,False
2018,3,individual,V2_M,False,False,False
2018,3,individual,V3_M,False,False,False
2018,3,individual,V4_M,False,False,False
2018,3,individual,V5_M,False,False,False
2018,3,individual,V8_M,False,False,False
2018,3,individual,V9_M,False,False,False
2018,3,individual,V10_M,False,False,False
2018,3,individual,V11_M,False,False,False
2018,3,individual,V12_M,False,False,False
2018,3,individual,V18_M,False,False,False
2018,3,individual,V19_AM,False,False,False
2018,3,individual,V21_M,False,False,False
2018,4,hogar,IPCF,False,False,False
2018,4,hogar,ITF,False,False,False
2018,4,individual,P21,False,False,False
2018,4,individual,T_VI,False,False,False
2018,4,individual,V2_M,False,False,False
2018,4,individual,V3_M,False,False,False
2018,4,individual,V4_M,False,False,False
2018,4,individual,V5_M,False,False,False
2018,4,individual,V8_M,False,False,False
2018,4,individual,V9_M,False,False,False
2018,4,individual,V10_M,False,False,False
2018,4,individual,V11_M,False,False,False
2018,4,individual,V12_M,False,False,False
2018,4,individual,V18_M,False,False,False
2018,4,individual,V19_AM,False,False,False
2018,4,individual,V21_M,False,False,False
2019,1,hogar,IPCF,False,False,False
2019,1,hogar,ITF,False,False,False
2019,1,individual,P21,False,False,False
2019,1,individual,T_VI,False,False,False
2019,1,individual,V2_M,False,False,False
2019,1,individual,V3_M,False,False,False
2019,1,individual,V4_M,False,False,False
2019,1,individual,V5_M,False,False,False
2019,1,individual,V8_M,False,False,False
2019,1,individual,V9_M,False,False,False
2019,1,individual,V10_M,False,False,False
2019,1,individual,V11_M,False,False,False
2019,1,individual,V12_M,False,False,False
2019,1,individual,V18_M,False,False,False
2019,1,individual,V19_AM,False,False,False
2019,1,individual,V21_M,False,False,False
2019,2,hogar,IPCF,False,False,False
2019,2,hogar,ITF,False,False,False
2019,2,individual,P21,False,False,False
2019,2,individual,T_VI,False,False,False
2019,2,individual,V2_M,False,False,False
2019,2,individual,V3_M,False,False,False
2019,2,individual,V4_M,False,False,False
2019,2,individual,V5_M,False,False,False
2019,2,individual,V8_M,False,False,False
2019,2,individual,V9_M,False,False,False
2019,2,individual,V10_M,False,False,False
2019,2,individual,V11_M,False,False,False
2019,2,individual,V12_M,False,False,False
2019,2,individual,V18_M,False,False,False
2019,2,individual,V19_AM,False,False,False
2019,2,individual,V21_M,False,False,False
2019,3,hogar,IPCF,False,False,False
2019,3,hogar,ITF,False,False,False
2019,3,individual,P21,False,False,False
2019,3,individual,T_VI,False,False,False
2019,3,individual,V2_M,False,False,False
2019,3,individual,V3_M,False,False,False
2019,3,individual,V4_M,False,False,False
2019,3,individual,V5_M,False,False,False
2019,3,individual,V8_M,False,False,False
2019,3,individual,V9_M,False,False,False
2019,3,individual,V10_M,False,False,False
2019,3,individual,V11_M,False,False,False
2019,3,individual,V12_M,False,False,False
2019,3,individual,V18_M,False,False,False
2019,3,individual,V19_AM,False,False,False
2019,3,individual,V21_M,False,False,False
2019,4,hogar,IPCF,False,False,False
2019,4,hogar,ITF,False,False,False
2019,4,individual,P21,False,False,False
2019,4,individual,T_VI,False,False,False
2019,4,individual,V2_M,False,False,False
2019,4,individual,V3_M,False,False,False
2019,4,individual,V4_M,False,False,False
2019,4,individual,V5_M,False,False,False
2019,4,individual,V8_M,False,False,False
2019,4,individual,V9_M,False,False,False
2019,4,individual,V10_M,False,False,False
2019,4,individual,V11_M,False,False,False
2019,4,individual,V12_M,False,False,False
2019,4,individual,V18_M,False,False,False
2019,4,individual,V19_AM,False,False,False
2019,4,individual,V21_M,False,False,False
2020,1,hogar,IPCF,False,False,False
2020,1,hogar,ITF,False,False,False
2020,1,individual,P21,False,False,False
2020,1,individual,T_VI,False,False,False
2020,1,individual,V2_M,False,False,False
2020,1,individual,V3_M,False,False,False
2020,1,individual,V4_M,False,False,False
2020,1,individual,V5_M,False,False,False
2020,1,individual,V8_M,False,False,False
2020,1,individual,V9_M,False,False,False
2020,1,individual,V10_M,False,False,False
2020,1,individual,V11_M,False,False,False
2020,1,individual,V12_M,False,False,False
2020,1,individual,V18_M,False,False,False
2020,1,individual,V19_AM,False,False,False
2020,1,individual,V21_M,False,False,False
2020,2,hogar,IPCF,False,False,False
2020,2,hogar,ITF,False,False,False
2020,2,individual,P21,False,False,False
2020,2,individual,T_VI,False,False,False
2020,2,individual,V2_M,False,False,False
2020,2,individual,V3_M,False,False,False
2020,2,individual,V4_M,False,False,False
2020,2,individual,V5_M,False,False,False
2020,2,individual,V8_M,False,False,False
2020,2,individual,V9_M,False,False,False
2020,2,individual,V10_M,False,False,False
2020,2,individual,V11_M,False,False,False
2020,2,individual,V12_M,False,False,False
2020,2,individual,V18_M,False,False,False
2020,2,individual,V19_AM,False,False,False
2020,2,individual,V21_M,False,False,False
2020,3,hogar,IPCF,False,False,False
2020,3,hogar,ITF,False,False,False
2020,3,individual,P21,False,False,False
2020,3,individual,T_VI,False,False,False
2020,3,individual,V2_M,False,False,False
2020,3,individual,V3_M,False,False,False
2020,3,individual,V4_M,False,False,False
2020,3,individual,V5_M,False,False,False
2020,3,individual,V8_M,False,False,False
2020,3,individual,V9_M,False,False,False
2020,3,individual,V10_M,False,False,False
2020,3,individual,V11_M,False,False,False
2020,3,individual,V12_M,False,False,False
2020,3,individual,V18_M,False,False,False
2020,3,individual,V19_AM,False,False,False
2020,3,individual,V21_M,False,False,False
2020,4,hogar,IPCF,False,False,False
2020,4,hogar,ITF,False,False,False
2020,4,individual,P21,False,False,False
2020,4,individual,T_VI,False,False,False
2020,4,individual,V2_M,False,False,False
2020,4,individual,V3_M,False,False,False
2020,4,individual,V4_M,False,False,False
2020,4,individual,V5_M,False,False,False
2020,4,individual,V8_M,False,False,False
2020,4,individual,V9_M,False,False,False
2020,4,individual,V10_M,False,False,False
2020,4,individual,V11_M,False,False,False
2020,4,individual,V12_M,False,False,False
2020,4,individual,V18_M,False,False,False
2020,4,individual,V19_AM,False,False,False
2020,4,individual,V21_M,False,False,False
2021,1,hogar,IPCF,False,True,False
2021,1,hogar,ITF,False,False,False
2021,1,individual,P21,False,False,False
2021,1,individual,T_VI,False,False,False
2021,1,individual,V2_M,False,False,False
2021,1,individual,V3_M,False,False,False
2021,1,individual,V4_M,False,False,False
2021,1,individual,V5_M,False,False,False
2021,1,individual,V8_M,False,False,False
2021,1,individual,V9_M,False,False,False
2021,1,individual,V10_M,False,False,False
2021,1,individual,V11_M,False,False,False
2021,1,individual,V12_M,False,False,False
2021,1,individual,V18_M,False,False,False
2021,1,individual,V19_AM,False,False,False
2021,1,individual,V21_M,False,False,False
2021,2,hogar,IPCF,False,False,False
2021,2,hogar,ITF,False,False,False
2021,2,individual,P21,False,False,False
2021,2,individual,T_VI,False,False,False
2021,2,individual,V2_M,False,False,False
2021,2,individual,V3_M,False,False,False
2021,2,individual,V4_M,False,False,False
2021,2,individual,V5_M,False,False,False
2021,2,individual,V8_M,False,False,False
2021,2,individual,V9_M,False,False,False
2021,2,individual,V10_M,False,False,False
2021,2,individual,V11_M,False,False,False
2021,2,individual,V12_M,False,False,False
2021,2,individual,V18_M,False,False,False
2021,2,individual,V19_AM,False,False,False
2021,2,individual,V21_M,False,False,False
2021,3,hogar,IPCF,False,True,False
2021,3,hogar,ITF,False,False,False
2021,3,individual,P21,False,False,False
2021,3,individual,T_VI,False,False,False
2021,3,individual,V2_M,False,False,False
2021,3,individual,V3_M,False,False,False
2021,3,individual,V4_M,False,False,False
2021,3,individual,V5_M,False,False,False
2021,3,individual,V8_M,False,False,False
2021,3,individual,V9_M,False,False,False
2021,3,individual,V10_M,False,False,False
2021,3,individual,V11_M,False,False,False
2021,3,individual,V12_M,False,False,False
2021,3,individual,V18_M,False,False,False
2021,3,individual,V19_AM,False,False,False
2021,3,individual,V21_M,False,False,False
2021,4,hogar,IPCF,False,False,False
2021,4,hogar,ITF,False,False,False
2021,4,individual,P21,False,False,False
2021,4,individual,T_VI,False,False,False
2021,4,individual,V2_M,False,False,False
2021,4,individual,V3_M,False,False,False
2021,4,individual,V4_M,False,False,False
2021,4,individual,V5_M,False,False,False
2021,4,individual,V8_M,False,False,False
2021,4,individual,V9_M,False,False,False
2021,4,individual,V10_M,False,False,False
2021,4,individual,V11_M,False,False,False
2021,4,individual,V12_M,False,False,False
2021,4,individual,V18_M,False,False,False
2021,4,individual,V19_AM,False,False,False
2021,4,individual,V21_M,False,False,False
2022,1,hogar,IPCF,False,False,False
2022,1,hogar,ITF,False,False,False
2022,1,individual,P21,False,False,False
2022,1,individual,T_VI,False,False,False
2022,1,individual,V2_M,False,False,False
2022,1,individual,V3_M,False,False,False
2022,1,individual,V4_M,False,False,False
2022,1,individual,V5_M,False,False,False
2022,1,individual,V8_M,False,False,False
2022,1,individual,V9_M,False,False,False
2022,1,individual,V10_M,False,False,False
2022,1,individual,V11_M,False,False,False
2022,1,individual,V12_M,False,False,False
2022,1,individual,V18_M,False,False,False
2022,1,individual,V19_AM,False,False,False
2022,1,individual,V21_M,False,False,False
2022,2,hogar,IPCF,False,False,False
2022,2,hogar,ITF,False,False,False
2022,2,individual,P21,False,False,False
2022,2,individual,T_VI,False,False,False
2022,2,individual,V2_M,False,False,False
2022,2,individual,V3_M,False,False,False
2022,2,individual,V4_M,False,False,False
2022,2,individual,V5_M,False,False,False
2022,2,individual,V8_M,False,False,False
2022,2,individual,V9_M,False,False,False
2022,2,individual,V10_M,False,False,False
2022,2,individual,V11_M,False,False,False
2022,2,individual,V12_M,False,False,False
2022,2,individual,V18_M,False,False,False
2022,2,individual,V19_AM,False,False,False
2022,2,individual,V21_M,False,False,False
2022,3,hogar,IPCF,False,False,False
2022,3,hogar,ITF,False,False,False
2022,3,individual,P21,False,False,False
2022,3,individual,T_VI,False,False,False
2022,3,individual,V2_M,False,False,False
2022,3,individual,V3_M,False,False,False
2022,3,individual,V4_M,False,False,False
2022,3,individual,V5_M,False,False,False
2022,3,individual,V8_M,False,False,False
2022,3,individual,V9_M,False,False,False
2022,3,individual,V10_M,False,False,False
2022,3,individual,V11_M,False,False,False
2022,3,individual,V12_M,False,False,False
2022,3,individual,V18_M,False,False,False
2022,3,individual,V19_AM,False,False,False
2022,3,individual,V21_M,False,False,False
2022,4,hogar,IPCF,False,False,False
2022,4,hogar,ITF,False,False,False
2022,4,individual,P21,False,False,False
2022,4,individual,T_VI,False,False,False
2022,4,individual,V2_M,False,False,False
2022,4,individual,V3_M,False,False,False
2022,4,individual,V4_M,False,False,False
2022,4,individual,V5_M,False,False,False
2022,4,individual,V8_M,False,False,False
2022,4,individual,V9_M,False,False,False
2022,4,individual,V10_M,False,False,False
2022,4,individual,V11_M,False,False,False
2022,4,individual,V12_M,False,False,False
2022,4,individual,V18_M,False,False,False
2022,4,individual,V19_AM,False,False,False
2022,4,individual,V21_M,False,False,False
2023,1,hogar,IPCF,False,False,False
2023,1,hogar,ITF,False,False,False
2023,1,individual,P21,False,False,False
2023,1,individual,T_VI,False,False,False
2023,1,individual,V2_M,False,False,False
2023,1,individual,V3_M,False,False,False
2023,1,individual,V4_M,False,False,False
2023,1,individual,V5_M,False,False,False
2023,1,individual,V8_M,False,False,False
2023,1,individual,V9_M,False,False,False
2023,1,individual,V10_M,False,False,False
2023,1,individual,V11_M,False,False,False
2023,1,individual,V12_M,False,False,False
2023,1,individual,V18_M,False,False,False
2023,1,individual,V19_AM,False,False,False
2023,1,individual,V21_M,False,False,False
2023,2,hogar,IPCF,False,False,False
2023,2,hogar,ITF,False,False,False
2023,2,individual,P21,False,False,False
2023,2,individual,T_VI,False,False,False
2023,2,individual,V2_M,False,False,False
2023,2,individual,V3_M,False,False,False
2023,2,individual,V4_M,False,False,False
2023,2,individual,V5_M,False,False,False
2023,2,individual,V8_M,False,False,False
2023,2,individual,V9_M,False,False,False
2023,2,individual,V10_M,False,False,False
2023,2,individual,V11_M,False,False,False
2023,2,individual,V12_M,False,False,False
2023,2,individual,V18_M,False,False,False
2023,2,individual,V19_AM,False,False,False
2023,2,individual,V21_M,False,False,False
2023,3,hogar,IPCF,False,False,False
2023,3,hogar,ITF,False,False,False
2023,3,individual,P21,False,False,False
2023,3,individual,T_VI,False,False,False
2023,3,individual,V2_M,False,False,False
2023,3,individual,V3_M,False,False,False
2023,3,individual,V4_M,False,False,False
2023,3,individual,V5_M,False,False,False
2023,3,individual,V8_M,False,False,False
2023,3,individual,V9_M,False,False,False
2023,3,individual,V10_M,False,False,False
2023,3,individual,V11_M,False,False,False
2023,3,individual,V12_M,False,False,False
2023,3,individual,V18_M,False,False,False
2023,3,individual,V19_AM,False,False,False
2023,3,individual,V21_M,False,False,False
2023,4,hogar,IPCF,False,False,False
2023,4,hogar,ITF,False,False,False
2023,4,individual,P21,False,False,False
2023,4,individual,T_VI,False,False,False
2023,4,individual,V2_01_M,False,False,False
2023,4,individual,V2_02_M,False,False,False
2023,4,individual,V2_03_M,False,False,False
2023,4,individual,V21_01_M,False,False,False
2023,4,individual,V21_02_M,False,False,False
2023,4,individual,V21_03_M,False,False,False
2023,4,individual,V22_01_M,False,False,False
2023,4,individual,V22_02_M,False,False,False
2023,4,individual,V22_03_M,False,False,False
2023,4,individual,V3_M,False,False,False
2023,4,individual,V4_M,False,False,False
2023,4,individual,V5_01_M,False,False,False
2023,4,individual,V5_02_M,False,False,False
2023,4,individual,V5_03_M,False,False,False
2023,4,individual,V8_M,False,False,False
2023,4,individual,V9_M,False,False,False
2023,4,individual,V10_M,False,False,False
2023,4,individual,V11_01_M,False,False,False
2023,4,individual,V11_02_M,False,False,False
2023,4,individual,V12_M,False,False,False
2023,4,individual,V18_M,False,False,False
2023,4,individual,V19_AM,False,False,False
2024,1,hogar,IPCF,False,False,False
2024,1,hogar,ITF,False,False,False
2024,1,individual,P21,False,False,False
2024,1,individual,T_VI,False,False,False
2024,1,individual,V2_01_M,False,False,False
2024,1,individual,V2_02_M,False,False,False
2024,1,individual,V2_03_M,False,False,False
2024,1,individual,V21_01_M,False,False,False
2024,1,individual,V21_02_M,False,False,False
2024,1,individual,V21_03_M,False,False,False
2024,1,individual,V22_01_M,False,False,False
2024,1,individual,V22_02_M,False,False,False
2024,1,individual,V22_03_M,False,False,False
2024,1,individual,V3_M,False,False,False
2024,1,individual,V4_M,False,False,False
2024,1,individual,V5_01_M,False,False,False
2024,1,individual,V5_02_M,False,False,False
2024,1,individual,V5_03_M,False,False,False
2024,1,individual,V8_M,False,False,False
2024,1,individual,V9_M,False,False,False
2024,1,individual,V10_M,False,False,False
2024,1,individual,V11_01_M,False,False,False
2024,1,individual,V11_02_M,False,False,False
2024,1,individual,V12_M,False,False,False
2024,1,individual,V18_M,False,False,False
2024,1,individual,V19_AM,False,False,False
2024,2,hogar,IPCF,False,False,False
2024,2,hogar,ITF,False,False,False
2024,2,individual,P21,False,False,False
2024,2,individual,T_VI,False,False,False
2024,2,individual,V2_01_M,False,False,False
2024,2,individual,V2_02_M,False,False,False
2024,2,individual,V2_03_M,False,False,False
2024,2,individual,V21_01_M,False,False,False
2024,2,individual,V21_02_M,False,False,False
2024,2,individual,V21_03_M,False,False,False
2024,2,individual,V22_01_M,False,False,False
2024,2,individual,V22_02_M,False,False,False
2024,2,individual,V22_03_M,False,False,False
2024,2,individual,V3_M,False,False,False
2024,2,individual,V4_M,False,False,False
2024,2,individual,V5_01_M,False,False,False
2024,2,individual,V5_02_M,False,False,False
2024,2,individual,V5_03_M,False,False,False
2024,2,individual,V8_M,False,False,False
2024,2,individual,V9_M,False,False,False
2024,2,individual,V10_M,False,False,False
2024,2,individual,V11_01_M,False,False,False
2024,2,individual,V11_02_M,False,False,False
2024,2,individual,V12_M,False,False,False
2024,2,individual,V18_M,False,False,False
2024,2,individual,V19_AM,False,False,False
2024,3,hogar,IPCF,False,False,False
2024,3,hogar,ITF,False,False,False
2024,3,individual,P21,False,False,False
2024,3,individual,T_VI,False,False,False
2024,3,individual,V2_01_M,False,False,False
2024,3,individual,V2_02_M,False,False,False
2024,3,individual,V2_03_M,False,False,False
2024,3,individual,V21_01_M,False,False,False
2024,3,individual,V21_02_M,False,False,False
2024,3,individual,V21_03_M,False,False,False
2024,3,individual,V22_01_M,False,False,False
2024,3,individual,V22_02_M,False,False,False
2024,3,individual,V22_03_M,False,False,False
2024,3,individual,V3_M,False,False,False
2024,3,individual,V4_M,False,False,False
2024,3,individual,V5_01_M,False,False,False
2024,3,individual,V5_02_M,False,False,False
2024,3,individual,V5_03_M,False,False,False
2024,3,individual,V8_M,False,False,False
2024,3,individual,V9_M,False,False,False
2024,3,individual,V10_M,False,False,False
2024,3,individual,V11_01_M,False,False,False
2024,3,individual,V11_02_M,False,False,False
2024,3,individual,V12_M,False,False,False
2024,3,individual,V18_M,False,False,False
2024,3,individual,V19_AM,False,False,False
2024,4,hogar,IPCF,False,False,False
2024,4,hogar,ITF,False,False,False
2024,4,individual,P21,False,False,False
2024,4,individual,T_VI,False,False,False
2024,4,individual,V2_01_M,False,False,False
2024,4,individual,V2_02_M,False,False,False
2024,4,individual,V2_03_M,False,False,False
2024,4,individual,V21_01_M,False,False,False
2024,4,individual,V21_02_M,False,False,False
2024,4,individual,V21_03_M,False,False,False
2024,4,individual,V22_01_M,False,False,False
2024,4,individual,V22_02_M,False,False,False
2024,4,individual,V22_03_M,False,False,False
2024,4,individual,V3_M,False,False,False
2024,4,individual,V4_M,False,False,False
2024,4,individual,V5_01_M,False,False,False
2024,4,individual,V5_02_M,False,False,False
2024,4,individual,V5_03_M,False,False,False
2024,4,individual,V8_M,False,False,False
2024,4,individual,V9_M,False,False,False
2024,4,individual,V10_M,False,False,False
2024,4,individual,V11_01_M,False,False,False
2024,4,individual,V11_02_M,False,False,False
2024,4,individual,V12_M,False,False,False
2024,4,individual,V18_M,False,False,False
2024,4,individual,V19_AM,False,False,False
2025,1,hogar,IPCF,False,False,False
2025,1,hogar,ITF,False,False,False
2025,1,individual,P21,False,False,False
2025,1,individual,T_VI,False,False,False
2025,1,individual,V2_01_M,False,False,False
2025,1,individual,V2_02_M,False,False,False
2025,1,individual,V2_03_M,False,False,False
2025,1,individual,V21_01_M,False,False,False
2025,1,individual,V21_02_M,False,False,False
2025,1,individual,V21_03_M,False,False,False
2025,1,individual,V22_01_M,False,False,False
2025,1,individual,V22_02_M,False,False,False
2025,1,individual,V22_03_M,False,False,False
2025,1,individual,V3_M,False,False,False
2025,1,individual,V4_M,False,False,False
2025,1,individual,V5_01_M,False,False,False
2025,1,individual,V5_02_M,False,False,False
2025,1,individual,V5_03_M,False,False,False
2025,1,individual,V8_M,False,False,False
2025,1,individual,V9_M,False,False,False
2025,1,individual,V10_M,False,False,False
2025,1,individual,V11_01_M,False,False,False
2025,1,individual,V11_02_M,False,False,False
2025,1,individual,V12_M,False,False,False
2025,1,individual,V18_M,False,False,False
2025,1,individual,V19_AM,False,False,False
2025,2,hogar,IPCF,False,False,False
2025,2,hogar,ITF,False,False,False
2025,2,individual,P21,False,False,False
2025,2,individual,T_VI,False,False,False
2025,2,individual,V2_01_M,False,False,False
2025,2,individual,V2_02_M,False,False,False
2025,2,individual,V2_03_M,False,False,False
2025,2,individual,V21_01_M,False,False,False
2025,2,individual,V21_02_M,False,False,False
2025,2,individual,V21_03_M,False,False,False
2025,2,individual,V22_01_M,False,False,False
2025,2,individual,V22_02_M,False,False,False
2025,2,individual,V22_03_M,False,False,False
2025,2,individual,V3_M,False,False,False
2025,2,individual,V4_M,False,False,False
2025,2,individual,V5_01_M,False,False,False
2025,2,individual,V5_02_M,False,False,False
2025,2,individual,V5_03_M,False,False,False
2025,2,individual,V8_M,False,False,False
2025,2,individual,V9_M,False,False,False
2025,2,individual,V10_M,False,False,False
2025,2,individual,V11_01_M,False,False,False
2025,2,individual,V11_02_M,False,False,False
2025,2,individual,V12_M,False,False,False
2025,2,individual,V18_M,False,False,False
2025,2,individual,V19_AM,False,False,False
2025,3,hogar,IPCF,False,False,False
2025,3,hogar,ITF,False,False,False
2025,3,individual,P21,False,False,False
2025,3,individual,T_VI,False,False,False
2025,3,individual,V2_01_M,False,False,False
2025,3,individual,V2_02_M,False,False,False
2025,3,individual,V2_03_M,False,False,False
2025,3,individual,V21_01_M,False,False,False
2025,3,individual,V21_02_M,False,False,False
2025,3,individual,V21_03_M,False,False,False
2025,3,individual,V22_01_M,False,False,False
2025,3,individual,V22_02_M,False,False,False
2025,3,individual,V22_03_M,False,False,False
2025,3,individual,V3_M,False,False,False
2025,3,individual,V4_M,False,False,False
2025,3,individual,V5_01_M,False,False,False
2025,3,individual,V5_02_M,False,False,False
2025,3,individual,V5_03_M,False,False,False
2025,3,individual,V8_M,False,False,False
2025,3,individual,V9_M,False,False,False
2025,3,individual,V10_M,False,False,False
2025,3,individual,V11_01_M,False,False,False
2025,3,individual,V11_02_M,False,False,False
2025,3,individual,V12_M,False,False,False
2025,3,individual,V18_M,False,False,False
2025,3,individual,V19_AM,False,False,False
2025,4,hogar,IPCF,False,False,False
2025,4,hogar,ITF,False,False,False
2025,4,individual,P21,False,False,False
2025,4,individual,T_VI,False,False,False
2025,4,individual,V2_01_M,False,False,False
2025,4,individual,V2_02_M,False,False,False
2025,4,individual,V2_03_M,False,False,False
2025,4,individual,V21_01_M,False,False,False
2025,4,individual,V21_02_M,False,False,False
2025,4,individual,V21_03_M,False,False,False
2025,4,individual,V22_01_M,False,False,False
2025,4,individual,V22_02_M,False,False,False
2025,4,individual,V22_03_M,False,False,False
2025,4,individual,V3_M,False,False,False
2025,4,individual,V4_M,False,False,False
2025,4,individual,V5_01_M,False,False,False
2025,4,individual,V5_02_M,False,False,False
2025,4,individual,V5_03_M,False,False,False
2025,4,individual,V8_M,False,False,False
2025,4,individual,V9_M,False,False,False
2025,4,individual,V10_M,False,False,False
2025,4,individual,V11_01_M,False,False,False
2025,4,individual,V11_02_M,False,False,False
2025,4,individual,V12_M,False,False,False
2025,4,individual,V18_M,False,False,False
2025,4,individual,V19_AM,False,False,False
