anio,trimestre,era,ambito,clave,gini,ic95_low,ic95_high,n_hogares,n_viviendas,n_personas,pct_personas_peso_cero,ponderador,gini_diagnostico_pondera,mandato,periodo_intervenido,operativo_telefonico
2023,4,regular,nacional,total,0.4353,0.4178,0.4539,12684,12576,47337,24.67,pondih_x_integrantes,0.4418,Alberto Fernandez,False,False
2023,4,regular,region,Gran Buenos Aires,0.4472,0.4201,0.4782,1741,1740,7380,,pondih_x_integrantes,,Alberto Fernandez,False,False
2023,4,regular,region,Noroeste,0.368,0.351,0.3881,2792,2713,10294,,pondih_x_integrantes,,Alberto Fernandez,False,False
2023,4,regular,region,Nordeste,0.3983,0.373,0.4179,1245,1239,4699,,pondih_x_integrantes,,Alberto Fernandez,False,False
2023,4,regular,region,Cuyo,0.3747,0.3566,0.3901,1343,1332,4757,,pondih_x_integrantes,,Alberto Fernandez,False,False
2023,4,regular,region,Pampeana,0.4176,0.402,0.4311,3808,3797,14501,,pondih_x_integrantes,,Alberto Fernandez,False,False
2023,4,regular,region,Patagonia,0.4322,0.404,0.4585,1755,1755,5706,,pondih_x_integrantes,,Alberto Fernandez,False,False
2024,1,regular,nacional,total,0.4674,0.4491,0.484,12547,12456,46050,23.97,pondih_x_integrantes,0.4781,Milei,False,False
2024,1,regular,region,Gran Buenos Aires,0.4954,0.468,0.5234,1622,1619,7051,,pondih_x_integrantes,,Milei,False,False
2024,1,regular,region,Noroeste,0.3847,0.3646,0.4078,2663,2616,9699,,pondih_x_integrantes,,Milei,False,False
2024,1,regular,region,Nordeste,0.3901,0.3683,0.4111,1353,1345,4850,,pondih_x_integrantes,,Milei,False,False
2024,1,regular,region,Cuyo,0.3902,0.3651,0.4135,1286,1267,4513,,pondih_x_integrantes,,Milei,False,False
2024,1,regular,region,Pampeana,0.4261,0.4097,0.4394,3843,3830,14410,,pondih_x_integrantes,,Milei,False,False
2024,1,regular,region,Patagonia,0.4187,0.3964,0.4396,1780,1779,5527,,pondih_x_integrantes,,Milei,False,False
2025,2,regular,nacional,total,0.424,0.4132,0.4344,12397,12327,46086,25.09,pondih_x_integrantes,0.4391,Milei,False,False
2025,2,regular,region,Gran Buenos Aires,0.4343,0.4185,0.4502,1653,1646,7206,,pondih_x_integrantes,,Milei,False,False
2025,2,regular,region,Noroeste,0.3583,0.3461,0.3707,2788,2748,10010,,pondih_x_integrantes,,Milei,False,False
2025,2,regular,region,Nordeste,0.3726,0.3547,0.3922,1122,1115,4690,,pondih_x_integrantes,,Milei,False,False
2025,2,regular,region,Cuyo,0.3772,0.3538,0.3994,1218,1209,4711,,pondih_x_integrantes,,Milei,False,False
2025,2,regular,region,Pampeana,0.412,0.3974,0.426,3943,3940,14125,,pondih_x_integrantes,,Milei,False,False
2025,2,regular,region,Patagonia,0.4006,0.3795,0.4245,1673,1669,5344,,pondih_x_integrantes,,Milei,False,False
