anio,trimestre,era,aglomerado,gini_trimestral,n_hogares_trim,n_personas_trim,gini_anio_movil,ic95_low,ic95_high,n_hogares_ventana,n_viviendas_ventana,n_personas_ventana,n_trimestres_ventana,motivo_na,ruidoso_trimestral,periodo_intervenido
2023,4,regular,2,0.4844,242,596,,,,242,0,596,1,menos de 400 hogares en la ventana,True,False
2023,4,regular,3,0.3766,240,540,,,,240,0,540,1,menos de 400 hogares en la ventana,True,False
2023,4,regular,4,0.4135,464,1158,0.4135,0.3823,0.4402,464,457,1158,1,,True,False
2023,4,regular,5,0.4094,278,734,,,,278,0,734,1,menos de 400 hogares en la ventana,True,False
2023,4,regular,6,0.4057,327,849,,,,327,0,849,1,menos de 400 hogares en la ventana,True,False
2023,4,regular,7,0.4436,293,731,,,,293,0,731,1,menos de 400 hogares en la ventana,True,False
2023,4,regular,8,0.3838,328,989,,,,328,0,989,1,menos de 400 hogares en la ventana,True,False
2023,4,regular,9,0.4147,262,792,,,,262,0,792,1,menos de 400 hogares en la ventana,True,False
2023,4,regular,10,0.3841,499,1433,0.3841,0.3568,0.4094,499,496,1433,1,,True,False
2023,4,regular,12,0.3687,325,1053,,,,325,0,1053,1,menos de 400 hogares en la ventana,True,False
2023,4,regular,13,0.4003,717,1912,0.4003,0.3715,0.4314,717,714,1912,1,,True,False
2023,4,regular,14,0.3742,347,1041,,,,347,0,1041,1,menos de 400 hogares en la ventana,True,False
2023,4,regular,15,0.3091,299,886,,,,299,0,886,1,menos de 400 hogares en la ventana,True,False
2023,4,regular,17,0.4247,303,761,,,,303,0,761,1,menos de 400 hogares en la ventana,True,False
2023,4,regular,18,0.3323,415,1477,0.3323,0.3008,0.3578,415,411,1477,1,,True,False
2023,4,regular,19,0.3879,481,1524,0.3879,0.3427,0.4464,481,446,1524,1,,True,False
2023,4,regular,20,0.3866,205,522,,,,205,0,522,1,menos de 400 hogares en la ventana,True,False
2023,4,regular,22,0.3841,409,1386,0.3841,0.3528,0.4125,409,408,1386,1,,True,False
2023,4,regular,23,0.3992,506,1573,0.3992,0.3598,0.4368,506,487,1573,1,,True,False
2023,4,regular,25,0.2953,368,1114,,,,368,0,1114,1,menos de 400 hogares en la ventana,True,False
2023,4,regular,26,0.3674,396,1078,,,,396,0,1078,1,menos de 400 hogares en la ventana,True,False
2023,4,regular,27,0.3375,448,1483,0.3375,0.3088,0.3642,448,442,1483,1,,True,False
2023,4,regular,29,0.3534,613,2003,0.3534,0.3179,0.393,613,596,2003,1,,True,False
2023,4,regular,30,0.4809,258,618,,,,258,0,618,1,menos de 400 hogares en la ventana,True,False
2023,4,regular,31,0.4659,302,734,,,,302,0,734,1,menos de 400 hogares en la ventana,True,False
2023,4,regular,32,0.4383,482,1002,0.4383,0.3769,0.4984,482,482,1002,1,,True,False
2023,4,regular,33,0.4182,1259,3423,0.4182,0.3885,0.455,1259,1258,3423,1,,True,False
2023,4,regular,34,0.3481,200,488,,,,200,0,488,1,menos de 400 hogares en la ventana,True,False
2023,4,regular,36,0.461,347,915,,,,347,0,915,1,menos de 400 hogares en la ventana,True,False
2023,4,regular,38,0.4088,388,1061,,,,388,0,1061,1,menos de 400 hogares en la ventana,True,False
2023,4,regular,91,0.4674,361,954,,,,361,0,954,1,menos de 400 hogares en la ventana,True,False
2023,4,regular,93,0.3302,322,831,,,,322,0,831,1,menos de 400 hogares en la ventana,True,False
2024,1,regular,2,0.4585,207,526,0.4717,0.4308,0.503,449,392,1122,2,,True,False
2024,1,regular,3,0.413,262,618,0.3953,0.36,0.4297,502,433,1158,2,,True,False
2024,1,regular,4,0.4529,477,1225,0.4335,0.4085,0.4592,941,772,2383,2,,True,False
2024,1,regular,5,0.4473,312,770,0.4299,0.3905,0.4679,590,497,1504,2,,True,False
2024,1,regular,6,0.3965,312,820,0.4014,0.3651,0.4323,639,572,1669,2,,True,False
2024,1,regular,7,0.4004,300,785,0.4246,0.3932,0.4513,593,485,1516,2,,True,False
2024,1,regular,8,0.3691,351,1052,0.3786,0.3532,0.4027,679,576,2041,2,,True,False
2024,1,regular,9,0.4029,264,786,0.4092,0.372,0.4404,526,431,1578,2,,True,False
2024,1,regular,10,0.3979,463,1347,0.3917,0.3677,0.4191,962,799,2780,2,,True,False
2024,1,regular,12,0.3739,332,1025,0.3716,0.3411,0.399,657,524,2078,2,,True,False
2024,1,regular,13,0.4027,725,1997,0.4018,0.3751,0.4291,1442,1134,3909,2,,True,False
2024,1,regular,14,0.3802,313,942,0.3778,0.3527,0.4063,660,579,1983,2,,True,False
2024,1,regular,15,0.3448,370,1068,0.3287,0.2926,0.361,669,533,1954,2,,True,False
2024,1,regular,17,0.4111,289,726,0.4183,0.3823,0.4515,592,491,1487,2,,True,False
2024,1,regular,18,0.3485,388,1312,0.3413,0.3169,0.3645,803,631,2789,2,,True,False
2024,1,regular,19,0.3838,461,1464,0.3867,0.3477,0.4232,942,691,2988,2,,True,False
2024,1,regular,20,0.3787,179,432,,,,384,0,954,2,menos de 400 hogares en la ventana,True,False
2024,1,regular,22,0.366,388,1299,0.3756,0.3518,0.3974,797,612,2685,2,,True,False
2024,1,regular,23,0.4164,536,1731,0.408,0.3706,0.4511,1042,811,3304,2,,True,False
2024,1,regular,25,0.316,338,1045,0.3063,0.2801,0.3335,706,562,2159,2,,True,False
2024,1,regular,26,0.3609,407,1092,0.3684,0.3391,0.3917,803,630,2170,2,,True,False
2024,1,regular,27,0.3827,416,1378,0.3608,0.3353,0.3864,864,704,2861,2,,True,False
2024,1,regular,29,0.3818,552,1781,0.3682,0.3431,0.3971,1165,897,3784,2,,True,False
2024,1,regular,30,0.4164,281,625,0.4514,0.416,0.4777,539,449,1243,2,,True,False
2024,1,regular,31,0.4433,338,799,0.457,0.4039,0.5054,640,520,1533,2,,True,False
2024,1,regular,32,0.4685,451,891,0.4542,0.4039,0.5026,933,793,1893,2,,True,False
2024,1,regular,33,0.4698,1171,3175,0.4449,0.4234,0.4661,2430,2051,6598,2,,True,False
2024,1,regular,34,0.358,210,505,0.3537,0.3255,0.381,410,354,993,2,,True,False
2024,1,regular,36,0.3875,366,914,0.4276,0.3868,0.4584,713,573,1829,2,,True,False
2024,1,regular,38,0.4485,378,1097,0.43,0.3944,0.47,766,619,2158,2,,True,False
2024,1,regular,91,0.4406,372,943,0.4548,0.385,0.5288,733,595,1897,2,,True,False
2024,1,regular,93,0.3498,338,840,0.3404,0.3153,0.3642,660,526,1671,2,,True,False
2025,2,regular,2,0.4168,285,735,,,,285,0,735,1,menos de 400 hogares en la ventana,True,False
2025,2,regular,3,0.3925,212,537,,,,212,0,537,1,menos de 400 hogares en la ventana,True,False
2025,2,regular,4,0.4124,459,1150,0.4124,0.378,0.4373,459,457,1150,1,,True,False
2025,2,regular,5,0.4252,266,613,,,,266,0,613,1,menos de 400 hogares en la ventana,True,False
2025,2,regular,6,0.3598,389,1002,,,,389,0,1002,1,menos de 400 hogares en la ventana,True,False
2025,2,regular,7,0.395,201,554,,,,201,0,554,1,menos de 400 hogares en la ventana,True,False
2025,2,regular,8,0.3974,231,636,,,,231,0,636,1,menos de 400 hogares en la ventana,True,False
2025,2,regular,9,0.375,208,570,,,,208,0,570,1,menos de 400 hogares en la ventana,True,False
2025,2,regular,10,0.3869,436,1240,0.3869,0.3555,0.4183,436,429,1240,1,,True,False
2025,2,regular,12,0.3586,325,991,,,,325,0,991,1,menos de 400 hogares en la ventana,True,False
2025,2,regular,13,0.3785,690,1806,0.3785,0.3586,0.3985,690,690,1806,1,,True,False
2025,2,regular,14,0.3984,314,904,,,,314,0,904,1,menos de 400 hogares en la ventana,True,False
2025,2,regular,15,0.3064,365,1139,,,,365,0,1139,1,menos de 400 hogares en la ventana,True,False
2025,2,regular,17,0.4181,318,773,,,,318,0,773,1,menos de 400 hogares en la ventana,True,False
2025,2,regular,18,0.3698,382,1265,,,,382,0,1265,1,menos de 400 hogares en la ventana,True,False
2025,2,regular,19,0.3782,467,1533,0.3782,0.3372,0.4121,467,442,1533,1,,True,False
2025,2,regular,20,0.3861,194,480,,,,194,0,480,1,menos de 400 hogares en la ventana,True,False
2025,2,regular,22,0.3546,429,1445,0.3546,0.3261,0.385,429,429,1445,1,,True,False
2025,2,regular,23,0.3672,588,2076,0.3672,0.34,0.3905,588,582,2076,1,,True,False
2025,2,regular,25,0.2794,372,1169,,,,372,0,1169,1,menos de 400 hogares en la ventana,True,False
2025,2,regular,26,0.354,372,971,,,,372,0,971,1,menos de 400 hogares en la ventana,True,False
2025,2,regular,27,0.3523,410,1337,0.3523,0.3201,0.3811,410,408,1337,1,,True,False
2025,2,regular,29,0.3512,550,1764,0.3512,0.3251,0.3747,550,543,1764,1,,True,False
2025,2,regular,30,0.4395,366,852,,,,366,0,852,1,menos de 400 hogares en la ventana,True,False
2025,2,regular,31,0.4066,395,992,,,,395,0,992,1,menos de 400 hogares en la ventana,True,False
2025,2,regular,32,0.4023,435,900,0.4023,0.3659,0.4351,435,432,900,1,,True,False
2025,2,regular,33,0.4196,1218,3393,0.4196,0.3962,0.4399,1218,1214,3393,1,,True,False
2025,2,regular,34,0.4664,180,433,,,,180,0,433,1,menos de 400 hogares en la ventana,True,False
2025,2,regular,36,0.3912,398,957,,,,398,0,957,1,menos de 400 hogares en la ventana,True,False
2025,2,regular,38,0.4124,384,987,,,,384,0,987,1,menos de 400 hogares en la ventana,True,False
2025,2,regular,91,0.4129,339,821,,,,339,0,821,1,menos de 400 hogares en la ventana,True,False
2025,2,regular,93,0.3175,219,500,,,,219,0,500,1,menos de 400 hogares en la ventana,True,False
