n_pares,pct_mismo_quintil,pct_sube,pct_baja,escalones_promedio_si_sube,escalones_promedio_si_baja,h,recorte
474907.0,53.25905914210571,22.783408119905584,23.9575327379887,1.2822273567467652,-1.2842954577415273,1.0,todos
300384.0,52.77777777777778,23.07280014914243,24.14942207307979,1.3046589810553046,-1.3092871617430144,1.0,era_historico
174523.0,54.08742687210282,22.28531482956401,23.62725829833317,1.2422543902501735,-1.2403298169031163,1.0,era_regular
94346.0,54.41248171623598,21.916138469039492,23.671379814724524,1.2851477487062921,-1.2832131822863029,1.0,mandato_Nestor Kirchner
114256.0,52.12680296877188,23.395707884049852,24.477489147178268,1.3108750140286558,-1.3184467408016591,1.0,mandato_CFK I
91782.0,51.90778148220784,23.85979821751542,24.232420300276743,1.3154938581670397,-1.3239512611842992,1.0,mandato_CFK II
78168.0,55.59564015965612,21.814553269880257,22.589806570463615,1.230236922355149,-1.2392116887529732,1.0,mandato_Macri
68393.0,52.73200473732692,22.679221557761757,24.588773704911322,1.2426020243698022,-1.235654397336029,1.0,mandato_Alberto Fernandez
27962.0,53.186467348544454,22.63786567484443,24.175666976611115,1.2737756714060031,-1.2548816568047336,1.0,mandato_Milei
383571.0,50.504600191359614,23.843825523827398,25.651574284812984,1.312864921603359,-1.3111838360842345,4.0,todos
240321.0,49.99521473362711,24.221770049225828,25.783015217147064,1.33140353891084,-1.333414027952616,4.0,era_historico
143250.0,51.35916230366492,23.20977312390925,25.431064572425825,1.280407844080847,-1.273373593192424,4.0,era_regular
85576.0,50.87524539590539,23.35000467420772,25.774749929886887,1.3144830347312582,-1.303486421544181,4.0,mandato_Nestor Kirchner
103454.0,49.675217971272254,24.318054400989812,26.00672762773793,1.3318626281898402,-1.3502694666418882,4.0,mandato_CFK I
51291.0,49.17236942153595,25.482053381684892,25.34557719677916,1.356388676358072,-1.3493076923076923,4.0,mandato_CFK II
67879.0,52.84255808129171,23.5551496044432,23.60229231426509,1.2753768215648258,-1.2717683041008676,4.0,mandato_Macri
60613.0,50.07836602708989,22.47207694718955,27.449557025720555,1.2753835988547095,-1.2759947109027527,4.0,mandato_Alberto Fernandez
14758.0,49.79672042282152,24.65103672584361,25.552242851334867,1.3213304013194063,-1.2686290108724476,4.0,mandato_Milei
