anio,trimestre,tipo,filas_escritas,saltado,motivo_saltado
2003,3,hogar,13180,True,ya existía
2003,3,individual,46397,True,ya existía
2003,4,hogar,13325,True,ya existía
2003,4,individual,46847,True,ya existía
2004,1,hogar,12816,True,ya existía
2004,1,individual,45289,True,ya existía
2004,2,hogar,13809,True,ya existía
2004,2,individual,47869,True,ya existía
2004,3,hogar,13806,True,ya existía
2004,3,individual,47922,True,ya existía
2004,4,hogar,13497,True,ya existía
2004,4,individual,46850,True,ya existía
2005,1,hogar,13597,True,ya existía
2005,1,individual,47030,True,ya existía
2005,2,hogar,13511,True,ya existía
2005,2,individual,46912,True,ya existía
2005,3,hogar,13807,True,ya existía
2005,3,individual,47647,True,ya existía
2005,4,hogar,13704,True,ya existía
2005,4,individual,47166,True,ya existía
2006,1,hogar,13315,True,ya existía
2006,1,individual,45878,True,ya existía
2006,2,hogar,13962,True,ya existía
2006,2,individual,47680,True,ya existía
2006,3,hogar,18866,True,ya existía
2006,3,individual,65026,True,ya existía
2006,4,hogar,18655,True,ya existía
2006,4,individual,64384,True,ya existía
2007,1,hogar,18360,True,ya existía
2007,1,individual,63438,True,ya existía
2007,2,hogar,18526,True,ya existía
2007,2,individual,63235,True,ya existía
2007,4,hogar,17891,True,ya existía
2007,4,individual,61760,True,ya existía
2008,1,hogar,18123,True,ya existía
2008,1,individual,62067,True,ya existía
2008,2,hogar,18224,True,ya existía
2008,2,individual,61530,True,ya existía
2008,3,hogar,18326,True,ya existía
2008,3,individual,62115,True,ya existía
2008,4,hogar,18217,True,ya existía
2008,4,individual,62107,True,ya existía
2009,1,hogar,17820,True,ya existía
2009,1,individual,60267,True,ya existía
2009,2,hogar,17904,True,ya existía
2009,2,individual,60058,True,ya existía
2009,3,hogar,18149,True,ya existía
2009,3,individual,60813,True,ya existía
2009,4,hogar,17807,True,ya existía
2009,4,individual,59829,True,ya existía
2010,1,hogar,17478,True,ya existía
2010,1,individual,58723,True,ya existía
2010,2,hogar,17813,True,ya existía
2010,2,individual,59499,True,ya existía
2010,3,hogar,18045,True,ya existía
2010,3,individual,59935,True,ya existía
2010,4,hogar,17812,True,ya existía
2010,4,individual,58898,True,ya existía
2011,1,hogar,17607,True,ya existía
2011,1,individual,57784,True,ya existía
2011,2,hogar,18001,True,ya existía
2011,2,individual,58726,True,ya existía
2011,3,hogar,17761,True,ya existía
2011,3,individual,57977,True,ya existía
2011,4,hogar,17686,True,ya existía
2011,4,individual,57170,True,ya existía
2012,1,hogar,17302,True,ya existía
2012,1,individual,55857,True,ya existía
2012,2,hogar,17636,True,ya existía
2012,2,individual,56915,True,ya existía
2012,3,hogar,17403,True,ya existía
2012,3,individual,56261,True,ya existía
2012,4,hogar,16953,True,ya existía
2012,4,individual,54589,True,ya existía
2013,1,hogar,17013,True,ya existía
2013,1,individual,54739,True,ya existía
2013,2,hogar,17379,True,ya existía
2013,2,individual,55417,True,ya existía
2013,3,hogar,17378,True,ya existía
2013,3,individual,55876,True,ya existía
2013,4,hogar,17486,True,ya existía
2013,4,individual,56198,True,ya existía
2014,1,hogar,17797,False,
2014,1,individual,57592,False,
2014,2,hogar,18780,True,ya existía
2014,2,individual,61112,True,ya existía
2014,3,hogar,19041,False,
2014,3,individual,61518,False,
2014,4,hogar,18909,False,
2014,4,individual,60959,False,
2015,1,hogar,18743,False,
2015,1,individual,60145,False,
2015,2,hogar,18875,False,
2015,2,individual,60028,False,
2016,2,hogar,18796,True,ya existía
2016,2,individual,59811,True,ya existía
2016,3,hogar,18800,True,ya existía
2016,3,individual,59550,True,ya existía
2016,4,hogar,18372,True,ya existía
2016,4,individual,58154,True,ya existía
2017,1,hogar,18477,True,ya existía
2017,1,individual,58675,True,ya existía
2017,2,hogar,18871,True,ya existía
2017,2,individual,59755,True,ya existía
2017,3,hogar,18806,True,ya existía
2017,3,individual,58721,True,ya existía
2017,4,hogar,18793,True,ya existía
2017,4,individual,58181,True,ya existía
2018,1,hogar,18624,True,ya existía
2018,1,individual,57951,True,ya existía
2018,2,hogar,18586,True,ya existía
2018,2,individual,57835,True,ya existía
2018,3,hogar,18364,True,ya existía
2018,3,individual,56879,True,ya existía
2018,4,hogar,18616,True,ya existía
2018,4,individual,57418,True,ya existía
2019,1,hogar,19338,True,ya existía
2019,1,individual,59369,True,ya existía
2019,2,hogar,19251,True,ya existía
2019,2,individual,59258,True,ya existía
2019,3,hogar,18610,True,ya existía
2019,3,individual,57229,True,ya existía
2019,4,hogar,19035,True,ya existía
2019,4,individual,58519,True,ya existía
2020,1,hogar,16845,True,ya existía
2020,1,individual,51643,True,ya existía
2020,2,hogar,11976,True,ya existía
2020,2,individual,37132,True,ya existía
2020,3,hogar,13503,True,ya existía
2020,3,individual,41685,True,ya existía
2020,4,hogar,14442,True,ya existía
2020,4,individual,43767,True,ya existía
2021,1,hogar,15423,True,ya existía
2021,1,individual,46693,True,ya existía
2021,2,hogar,15620,True,ya existía
2021,2,individual,47085,True,ya existía
2021,3,hogar,16285,True,ya existía
2021,3,individual,48668,True,ya existía
2021,4,hogar,17037,True,ya existía
2021,4,individual,50154,True,ya existía
2022,1,hogar,16898,True,ya existía
2022,1,individual,49706,True,ya existía
2022,2,hogar,17367,True,ya existía
2022,2,individual,50614,True,ya existía
2022,3,hogar,16886,True,ya existía
2022,3,individual,49232,True,ya existía
2022,4,hogar,16740,True,ya existía
2022,4,individual,48545,True,ya existía
2023,1,hogar,16815,True,ya existía
2023,1,individual,48638,True,ya existía
2023,2,hogar,16990,True,ya existía
2023,2,individual,49072,True,ya existía
2023,3,hogar,16656,True,ya existía
2023,3,individual,48335,True,ya existía
2023,4,hogar,16462,True,ya existía
2023,4,individual,47337,True,ya existía
2024,1,hogar,16104,True,ya existía
2024,1,individual,46050,True,ya existía
2024,2,hogar,16453,True,ya existía
2024,2,individual,47151,True,ya existía
2024,3,hogar,16650,True,ya existía
2024,3,individual,47564,True,ya existía
2024,4,hogar,16511,True,ya existía
2024,4,individual,46860,True,ya existía
2025,1,hogar,15984,True,ya existía
2025,1,individual,45425,True,ya existía
2025,2,hogar,16169,True,ya existía
2025,2,individual,46086,True,ya existía
2025,3,hogar,15860,True,ya existía
2025,3,individual,44946,True,ya existía
2025,4,hogar,15534,True,ya existía
2025,4,individual,43703,True,ya existía
