indicador,excluye_2020_del_puente,ANO4,z
pobreza,False,2010,23.46
pobreza,False,2011,20.85
pobreza,False,2012,15.63
pobreza,False,2013,9.78
pobreza,False,2014,10.49
pobreza,True,2010,22.23
pobreza,True,2011,19.76
pobreza,True,2012,14.84
pobreza,True,2013,9.3
pobreza,True,2014,9.97
indigencia,False,2010,8.25
indigencia,False,2011,5.32
indigencia,False,2012,3.25
indigencia,False,2013,1.74
indigencia,False,2014,1.18
indigencia,True,2010,9.99
indigencia,True,2011,6.54
indigencia,True,2012,4.1
indigencia,True,2013,2.31
indigencia,True,2014,1.65
