ANO4,SEMESTRE,semestre_movil,pobreza_hogares,pobreza_personas,indigencia_hogares,indigencia_personas
2003,2,False,78.72831093078207,85.11614433288379,44.56662668466258,55.2652222394116
2004,1,False,79.97051790470941,86.07555132753114,44.717705229793054,54.92459518382799
2004,2,False,76.80942518044877,83.94646705000542,39.910554888518696,50.75366029508403
2005,1,False,75.75199929143311,83.1744709599361,37.806367720497086,48.512147948903554
2005,2,False,72.5004047567179,80.56020525056311,34.13044977018578,44.35990375852204
2006,1,False,70.74016556390389,78.73650777969114,31.910479495826934,41.39403710901532
2006,2,False,66.87075726791802,75.42886910755159,28.2910279641746,37.49676951869353
2007,1,False,63.14717478121932,72.1879999630296,24.736886346349856,33.18182859999596
2007,2,True,59.87731909777418,68.97484518576145,21.869949557203398,29.85932464175935
2008,1,False,58.21280170126743,67.31883809764649,19.91149917686183,27.619201754711987
2008,2,False,54.27256863153236,64.3439497004926,17.568328902592,24.843758645056784
2009,1,False,51.014515974763896,61.08829940460826,16.074984385579064,22.463571615034876
2009,2,False,48.65715860458236,58.88289736818708,15.220653982559243,21.504109846486767
2010,1,False,47.68616271950059,57.98762657877583,13.9455805773011,19.400951590057133
2010,2,False,44.006262923927906,54.44385664703407,12.051830400247203,17.279339246589533
2011,1,False,38.80266359312744,49.989903651590474,9.944677308175006,14.020235069164475
2011,2,False,35.06866359020288,45.66535481793432,8.596383291550008,11.866810444186273
2012,1,False,31.90248158318299,42.78497013922771,8.03370320474313,11.295357649063586
2012,2,False,29.513213151695176,39.93133141532059,6.773847217899162,9.59571211373995
2013,1,False,27.533823592876473,37.858104431833475,6.035983756400271,8.411166141649433
2013,2,False,25.52318805170763,34.99113189612068,5.78560263444277,7.769037277156522
2014,1,False,28.045428155101515,37.790039469728924,6.284706961841702,8.198351128434856
2014,2,False,26.658291022808445,36.571740184470166,5.7970306470206046,7.721918778069271
2015,1,False,23.039092373085257,31.517915172678304,4.51516977606375,5.847754056577986
