anio_t0,trimestre_t0,era,definicion,h,visita_siguiente,n_precario_t0,tasa_simple_principal,n_sale_simple_principal,n_determinable_simple_principal,tasa_simple_robustez,n_sale_simple_robustez,n_determinable_simple_robustez,tasa_estricta_principal,n_sale_estricta_principal,n_determinable_estricta_principal,tasa_estricta_robustez,n_sale_estricta_robustez,n_determinable_estricta_robustez
2003,3,historica,a,1,t0+4,584,19.8,113,572,20.3,113,557,10.4,60,577,10.6,60,568
2003,3,historica,a,4,t0+5,584,22.0,127,577,22.6,127,562,12.9,75,583,13.2,75,567
2003,3,historica,b,1,t0+4,885,6.3,56,885,6.6,56,850,3.3,29,885,3.3,29,866
2003,3,historica,b,4,t0+5,885,11.3,100,885,12.0,100,832,7.3,65,885,7.7,65,841
2003,3,historica,c,1,t0+4,450,34.0,150,441,34.0,150,441,18.2,81,445,18.2,81,445
2003,3,historica,c,4,t0+5,450,30.3,135,445,30.3,135,445,21.3,96,450,21.3,96,450
2003,4,historica,a,1,t0+4,520,19.5,100,512,19.9,100,503,10.8,56,517,11.0,56,511
2003,4,historica,a,4,t0+5,520,21.7,112,515,22.2,112,504,15.1,78,516,15.6,78,501
2003,4,historica,b,1,t0+4,829,8.7,72,829,9.1,72,790,4.6,38,829,4.7,38,805
2003,4,historica,b,4,t0+5,829,11.9,99,829,12.7,99,780,8.9,74,829,9.4,74,789
2003,4,historica,c,1,t0+4,434,29.8,126,423,29.8,126,423,18.3,79,431,18.3,79,431
2003,4,historica,c,4,t0+5,434,34.5,148,429,34.5,148,429,22.1,95,430,22.1,95,430
2004,1,historica,a,1,t0+4,513,17.1,85,497,17.6,85,483,8.9,45,507,9.1,45,495
2004,1,historica,a,4,t0+5,513,24.4,123,504,25.2,123,489,16.5,84,509,17.0,84,494
2004,1,historica,b,1,t0+4,843,6.8,57,843,7.2,57,791,4.2,35,843,4.3,35,814
2004,1,historica,b,4,t0+5,843,13.4,113,843,14.2,113,793,9.5,80,843,9.9,80,810
2004,1,historica,c,1,t0+4,416,30.7,125,407,30.7,125,407,16.5,68,411,16.5,68,411
2004,1,historica,c,4,t0+5,416,33.3,136,408,33.3,136,408,22.9,94,411,22.9,94,411
2004,2,historica,a,1,t0+4,541,17.3,92,531,17.7,92,519,11.4,61,536,11.6,61,525
2004,2,historica,a,4,t0+5,541,27.4,147,536,28.5,147,515,17.8,95,535,18.3,95,520
2004,2,historica,b,1,t0+4,894,6.2,55,894,6.5,55,850,3.9,35,894,4.0,35,876
2004,2,historica,b,4,t0+5,894,14.1,126,894,15.0,126,840,9.4,84,894,9.7,84,862
2004,2,historica,c,1,t0+4,466,34.8,159,457,34.8,159,457,20.8,96,462,20.8,96,462
2004,2,historica,c,4,t0+5,466,35.8,166,464,35.8,166,464,23.5,108,460,23.5,108,460
2004,3,historica,a,1,t0+4,557,19.2,105,546,19.7,105,532,9.6,53,552,9.8,53,539
2004,3,historica,a,4,t0+5,557,24.2,133,549,25.0,133,533,15.8,87,550,16.2,87,536
2004,3,historica,b,1,t0+4,859,7.8,67,859,8.2,67,818,4.7,40,859,4.8,40,835
2004,3,historica,b,4,t0+5,859,12.7,109,859,13.5,109,806,9.4,81,859,9.9,81,822
2004,3,historica,c,1,t0+4,467,30.6,140,458,30.6,140,458,18.0,83,461,18.0,83,461
2004,3,historica,c,4,t0+5,467,33.8,156,461,33.8,156,461,21.2,98,463,21.2,98,463
2004,4,historica,a,1,t0+4,535,12.0,63,523,12.4,63,508,7.7,41,530,7.9,41,521
2004,4,historica,a,4,t0+5,535,19.6,104,530,20.3,104,512,12.2,65,531,12.5,65,518
2004,4,historica,b,1,t0+4,842,6.4,54,842,6.8,54,799,4.3,36,842,4.4,36,819
2004,4,historica,b,4,t0+5,842,13.8,116,842,14.6,116,794,10.0,84,842,10.4,84,809
2004,4,historica,c,1,t0+4,489,27.2,131,481,27.2,131,481,14.5,70,483,14.5,70,483
2004,4,historica,c,4,t0+5,489,27.7,134,483,27.7,134,483,18.6,90,485,18.6,90,485
2005,1,historica,a,1,t0+4,554,18.9,104,550,19.4,104,536,10.7,59,552,11.0,59,537
2005,1,historica,a,4,t0+5,554,21.9,119,544,22.8,119,521,14.4,79,549,14.8,79,533
2005,1,historica,b,1,t0+4,848,8.4,71,848,8.8,71,807,5.5,47,848,5.7,47,825
2005,1,historica,b,4,t0+5,848,13.7,116,848,14.7,116,791,9.8,83,848,10.2,83,812
2005,1,historica,c,1,t0+4,499,32.0,158,493,32.0,158,493,17.8,88,495,17.8,88,495
2005,1,historica,c,4,t0+5,499,31.1,153,492,31.1,153,492,21.9,108,493,21.9,108,493
2005,2,historica,a,1,t0+4,543,17.7,94,532,18.3,94,515,11.5,62,539,11.7,62,529
2005,2,historica,a,4,t0+5,543,26.3,141,536,27.3,141,517,18.2,98,539,18.7,98,525
2005,2,historica,b,1,t0+4,853,6.9,59,853,7.4,59,793,4.9,42,853,5.1,42,821
2005,2,historica,b,4,t0+5,853,13.6,116,853,14.8,116,786,10.6,90,853,11.1,90,810
2005,2,historica,c,1,t0+4,482,30.1,142,471,30.1,142,471,20.2,97,480,20.2,97,480
2005,2,historica,c,4,t0+5,482,34.4,164,477,34.4,164,477,23.0,110,478,23.0,110,478
2005,3,historica,a,1,t0+4,550,20.2,110,545,20.7,110,532,11.5,63,548,11.7,63,539
2005,3,historica,a,4,t0+5,550,25.8,141,546,27.0,141,522,17.6,96,545,18.4,96,522
2005,3,historica,b,1,t0+4,836,8.7,73,836,9.1,73,803,5.3,44,836,5.3,44,823
2005,3,historica,b,4,t0+5,836,15.3,128,836,16.2,128,791,12.0,100,836,12.4,100,807
2005,3,historica,c,1,t0+4,507,27.3,137,502,27.3,137,502,17.3,87,503,17.3,87,503
2005,3,historica,c,4,t0+5,507,34.3,172,502,34.3,172,502,21.1,106,503,21.1,106,503
2005,4,historica,a,1,t0+4,526,19.6,102,520,20.7,102,493,12.2,64,525,12.6,64,507
2005,4,historica,a,4,t0+5,526,28.1,146,520,29.4,146,496,17.5,92,526,18.0,92,510
2005,4,historica,b,1,t0+4,805,11.2,90,805,11.9,90,755,7.3,59,805,7.6,59,774
2005,4,historica,b,4,t0+5,805,17.3,139,805,18.4,139,754,12.7,102,805,13.2,102,775
2005,4,historica,c,1,t0+4,476,29.7,139,468,29.7,139,468,16.9,80,472,16.9,80,472
2005,4,historica,c,4,t0+5,476,34.0,160,470,34.0,160,470,23.0,109,473,23.0,109,473
2006,1,historica,a,1,t0+4,488,21.0,101,482,21.7,101,465,13.0,63,485,13.3,63,474
2006,1,historica,a,4,t0+5,488,25.7,124,482,27.3,124,454,18.1,88,486,18.9,88,465
2006,1,historica,b,1,t0+4,749,9.7,73,749,10.4,73,705,6.4,48,749,6.6,48,724
2006,1,historica,b,4,t0+5,749,16.0,120,749,17.6,120,683,11.7,88,749,12.5,88,705
2006,1,historica,c,1,t0+4,437,23.8,102,429,23.8,102,429,14.8,64,432,14.8,64,432
2006,1,historica,c,4,t0+5,437,32.0,138,431,32.0,138,431,19.8,86,435,19.8,86,435
2006,4,historica,a,1,t0+4,589,17.5,102,582,18.3,102,557,9.0,53,587,9.4,53,565
2006,4,historica,a,4,t0+5,589,26.5,154,581,28.1,154,549,16.7,98,587,17.6,98,557
2006,4,historica,b,1,t0+4,975,7.8,76,975,8.4,76,909,4.3,42,975,4.5,42,935
2006,4,historica,b,4,t0+5,975,16.3,159,975,17.7,159,897,11.8,115,975,12.4,115,925
2006,4,historica,c,1,t0+4,606,27.2,163,599,27.2,163,599,17.9,108,603,17.9,108,603
2006,4,historica,c,4,t0+5,606,32.9,197,599,32.9,197,599,20.2,121,599,20.2,121,599
2007,1,historica,a,1,t0+4,627,17.0,106,623,17.8,106,596,10.6,66,625,10.8,66,613
2007,1,historica,a,4,t0+5,627,25.6,160,624,26.6,160,601,15.8,99,625,16.3,99,606
2007,1,historica,b,1,t0+4,925,8.3,77,925,8.9,77,866,4.5,42,925,4.7,42,895
2007,1,historica,b,4,t0+5,925,15.7,145,925,16.9,145,856,10.7,99,925,11.3,99,878
2007,1,historica,c,1,t0+4,593,24.6,145,589,24.6,145,589,16.1,95,590,16.1,95,590
2007,1,historica,c,4,t0+5,593,33.3,196,589,33.3,196,589,20.8,123,591,20.8,123,591
2007,4,historica,a,1,t0+4,553,23.3,127,546,24.7,127,515,13.8,76,551,14.3,76,532
2007,4,historica,a,4,t0+5,553,27.6,152,550,29.2,152,520,17.7,97,549,18.3,97,529
2007,4,historica,b,1,t0+4,844,11.5,97,844,12.4,97,784,7.2,61,844,7.5,61,811
2007,4,historica,b,4,t0+5,844,16.5,139,844,17.9,139,775,11.5,97,844,12.1,97,802
2007,4,historica,c,1,t0+4,601,29.9,178,595,29.9,178,595,17.6,105,598,17.6,105,598
2007,4,historica,c,4,t0+5,601,33.3,198,594,33.3,198,594,20.7,123,595,20.7,123,595
2008,1,historica,a,1,t0+4,566,21.0,117,558,22.0,117,532,10.8,60,558,11.2,60,538
2008,1,historica,a,4,t0+5,566,27.4,152,554,29.3,152,519,17.9,100,560,18.7,100,534
2008,1,historica,b,1,t0+4,887,10.1,90,887,10.8,90,830,6.2,55,887,6.4,55,854
2008,1,historica,b,4,t0+5,887,17.6,156,887,19.4,156,804,12.2,108,887,12.8,108,842
2008,1,historica,c,1,t0+4,572,31.6,179,566,31.6,179,566,17.9,101,564,17.9,101,564
2008,1,historica,c,4,t0+5,572,32.4,182,561,32.4,182,561,20.6,116,563,20.6,116,563
2008,2,historica,a,1,t0+4,542,18.2,98,538,19.5,98,502,10.0,54,540,10.5,54,512
2008,2,historica,a,4,t0+5,542,26.2,141,538,28.0,141,503,16.5,89,540,17.7,89,502
2008,2,historica,b,1,t0+4,864,9.1,79,864,10.0,79,793,5.3,46,864,5.6,46,821
2008,2,historica,b,4,t0+5,864,15.2,131,864,16.7,131,786,10.6,92,864,11.4,92,808
2008,2,historica,c,1,t0+4,573,29.6,167,564,29.6,167,564,19.0,108,568,19.0,108,568
2008,2,historica,c,4,t0+5,573,34.2,194,568,34.2,194,568,21.4,122,570,21.4,122,570
2008,3,historica,a,1,t0+4,598,20.4,121,594,21.2,121,572,10.3,61,594,10.6,61,575
2008,3,historica,a,4,t0+5,598,22.1,130,588,23.6,130,550,13.3,79,592,14.2,79,556
2008,3,historica,b,1,t0+4,934,9.3,87,934,9.8,87,885,5.1,48,934,5.3,48,900
2008,3,historica,b,4,t0+5,934,12.6,118,934,13.8,118,853,9.4,88,934,10.0,88,882
2008,3,historica,c,1,t0+4,592,26.1,153,587,26.1,153,587,14.2,84,590,14.2,84,590
2008,3,historica,c,4,t0+5,592,28.1,165,587,28.1,165,587,17.0,100,588,17.0,100,588
2008,4,historica,a,1,t0+4,533,20.3,107,526,21.2,107,505,11.5,61,530,12.0,61,507
2008,4,historica,a,4,t0+5,533,26.0,138,531,27.7,138,499,17.1,91,531,17.8,91,510
2008,4,historica,b,1,t0+4,845,9.8,83,845,10.6,83,781,6.2,52,845,6.5,52,804
2008,4,historica,b,4,t0+5,845,15.4,130,845,17.0,130,764,11.6,98,845,12.4,98,789
2008,4,historica,c,1,t0+4,609,29.9,180,602,29.9,180,602,16.8,102,606,16.8,102,606
2008,4,historica,c,4,t0+5,609,33.0,200,606,33.0,200,606,20.3,123,607,20.3,123,607
2009,1,historica,a,1,t0+4,582,22.6,130,576,23.6,130,552,11.8,68,577,12.1,68,562
2009,1,historica,a,4,t0+5,582,25.0,143,572,26.2,143,545,15.2,88,578,15.7,88,560
2009,1,historica,b,1,t0+4,876,10.8,95,876,11.5,95,824,5.8,51,876,6.0,51,851
2009,1,historica,b,4,t0+5,876,16.2,142,876,17.4,142,814,10.5,92,876,11.0,92,833
2009,1,historica,c,1,t0+4,625,28.0,173,618,28.0,173,618,15.0,93,621,15.0,93,621
2009,1,historica,c,4,t0+5,625,31.6,195,617,31.6,195,617,19.0,118,622,19.0,118,622
2009,2,historica,a,1,t0+4,543,16.4,88,536,17.3,88,510,8.9,48,539,9.2,48,521
2009,2,historica,a,4,t0+5,543,23.9,129,539,25.4,129,508,14.4,78,541,15.1,78,517
2009,2,historica,b,1,t0+4,839,9.7,81,839,10.5,81,775,5.4,45,839,5.6,45,798
2009,2,historica,b,4,t0+5,839,13.9,117,839,15.3,117,765,8.8,74,839,9.4,74,791
2009,2,historica,c,1,t0+4,617,27.9,170,610,27.9,170,610,16.8,103,613,16.8,103,613
2009,2,historica,c,4,t0+5,617,30.4,186,611,30.4,186,611,18.7,115,615,18.7,115,615
2009,3,historica,a,1,t0+4,563,23.7,133,561,24.5,133,543,13.5,76,562,13.9,76,548
2009,3,historica,a,4,t0+5,563,27.1,151,558,28.4,151,531,17.5,98,560,18.3,98,536
2009,3,historica,b,1,t0+4,852,11.0,94,852,11.7,94,805,6.8,58,852,7.1,58,817
2009,3,historica,b,4,t0+5,852,15.8,135,852,17.3,135,779,11.0,94,852,11.8,94,799
2009,3,historica,c,1,t0+4,608,28.6,173,604,28.6,173,604,18.2,110,606,18.2,110,606
2009,3,historica,c,4,t0+5,608,33.3,201,603,33.3,201,603,22.2,135,607,22.2,135,607
2009,4,historica,a,1,t0+4,506,19.9,100,503,20.7,100,482,11.5,58,504,11.9,58,487
2009,4,historica,a,4,t0+5,506,26.1,131,502,27.6,131,475,17.4,88,505,18.1,88,485
2009,4,historica,b,1,t0+4,817,7.7,63,817,8.3,63,760,5.0,41,817,5.2,41,789
2009,4,historica,b,4,t0+5,817,13.5,110,817,14.7,110,747,9.5,78,817,10.1,78,776
2009,4,historica,c,1,t0+4,571,25.6,145,566,25.6,145,566,15.3,87,569,15.3,87,569
2009,4,historica,c,4,t0+5,571,28.5,161,564,28.5,161,564,18.9,108,570,18.9,108,570
2010,1,historica,a,1,t0+4,574,24.0,137,570,25.3,137,542,12.5,71,570,12.9,71,549
2010,1,historica,a,4,t0+5,574,24.5,140,571,26.2,140,535,15.6,89,571,16.5,89,540
2010,1,historica,b,1,t0+4,876,10.6,93,876,11.3,93,821,5.4,47,876,5.6,47,838
2010,1,historica,b,4,t0+5,876,14.2,124,876,15.7,124,789,9.1,80,876,9.8,80,817
2010,1,historica,c,1,t0+4,627,30.9,193,624,30.9,193,624,17.3,108,626,17.3,108,626
2010,1,historica,c,4,t0+5,627,30.5,191,626,30.5,191,626,20.2,126,623,20.2,126,623
2010,2,historica,a,1,t0+4,578,20.8,119,572,22.0,119,541,12.2,70,575,12.6,70,554
2010,2,historica,a,4,t0+5,578,28.0,161,576,29.2,161,551,17.9,103,577,18.6,103,554
2010,2,historica,b,1,t0+4,890,12.6,112,890,13.3,112,839,5.8,52,890,6.1,52,858
2010,2,historica,b,4,t0+5,890,16.1,143,890,17.2,143,831,10.8,96,890,11.3,96,853
2010,2,historica,c,1,t0+4,622,30.0,184,613,30.0,184,613,17.9,111,619,17.9,111,619
2010,2,historica,c,4,t0+5,622,32.3,200,620,32.3,200,620,20.8,129,621,20.8,129,621
2010,3,historica,a,1,t0+4,535,20.7,110,531,21.5,110,512,11.1,59,533,11.3,59,521
2010,3,historica,a,4,t0+5,535,26.4,140,530,27.3,140,512,18.3,98,535,18.9,98,519
2010,3,historica,b,1,t0+4,845,10.5,89,845,11.1,89,802,6.3,53,845,6.5,53,819
2010,3,historica,b,4,t0+5,845,16.9,143,845,18.0,143,794,12.4,105,845,13.0,105,809
2010,3,historica,c,1,t0+4,607,26.8,161,601,26.8,161,601,15.4,93,605,15.4,93,605
2010,3,historica,c,4,t0+5,607,30.4,183,602,30.4,183,602,20.9,126,604,20.9,126,604
2010,4,historica,a,1,t0+4,489,20.2,98,485,21.0,98,466,11.9,58,488,12.3,58,472
2010,4,historica,a,4,t0+5,489,24.8,121,487,26.6,121,455,17.1,83,484,17.9,83,463
2010,4,historica,b,1,t0+4,771,10.2,79,771,11.0,79,715,6.7,52,771,7.1,52,735
2010,4,historica,b,4,t0+5,771,16.3,126,771,18.0,126,699,11.7,90,771,12.4,90,723
2010,4,historica,c,1,t0+4,558,32.7,181,554,32.7,181,554,19.6,109,555,19.6,109,555
2010,4,historica,c,4,t0+5,558,34.4,191,555,34.4,191,555,22.2,123,555,22.2,123,555
2011,1,historica,a,1,t0+4,510,17.5,89,509,18.2,89,490,9.1,46,508,9.3,46,496
2011,1,historica,a,4,t0+5,510,23.3,117,503,24.2,117,483,14.2,72,506,14.5,72,496
2011,1,historica,b,1,t0+4,782,9.7,76,782,10.3,76,738,5.2,41,782,5.4,41,753
2011,1,historica,b,4,t0+5,782,14.2,111,782,15.4,111,721,10.2,80,782,10.8,80,744
2011,1,historica,c,1,t0+4,628,26.8,168,626,26.8,168,626,16.8,105,625,16.8,105,625
2011,1,historica,c,4,t0+5,628,31.8,198,622,31.8,198,622,20.0,124,620,20.0,124,620
2011,2,historica,a,1,t0+4,526,19.1,100,523,19.9,100,503,11.1,58,524,11.4,58,511
2011,2,historica,a,4,t0+5,526,25.4,133,524,26.4,133,503,17.7,93,524,18.4,93,505
2011,2,historica,b,1,t0+4,833,10.9,91,833,11.7,91,781,6.4,53,833,6.6,53,804
2011,2,historica,b,4,t0+5,833,16.0,133,833,17.5,133,760,11.0,92,833,11.8,92,779
2011,2,historica,c,1,t0+4,620,29.6,183,619,29.6,183,619,19.6,121,618,19.6,121,618
2011,2,historica,c,4,t0+5,620,36.2,223,616,36.2,223,616,26.1,161,616,26.1,161,616
2011,3,historica,a,1,t0+4,528,22.5,118,524,23.6,118,499,12.6,66,523,13.0,66,507
2011,3,historica,a,4,t0+5,528,25.2,132,524,26.8,132,493,17.9,94,525,18.8,94,499
2011,3,historica,b,1,t0+4,833,10.0,83,833,10.6,83,780,5.9,49,833,6.2,49,795
2011,3,historica,b,4,t0+5,833,13.4,112,833,15.0,112,748,9.8,82,833,10.6,82,773
2011,3,historica,c,1,t0+4,584,30.7,178,579,30.7,178,579,19.3,112,581,19.3,112,581
2011,3,historica,c,4,t0+5,584,36.0,209,580,36.0,209,580,24.2,141,583,24.2,141,583
2011,4,historica,a,1,t0+4,526,18.5,97,523,19.3,97,502,11.2,59,526,11.5,59,513
2011,4,historica,a,4,t0+5,526,25.5,134,525,26.8,134,500,15.8,83,525,16.4,83,507
2011,4,historica,b,1,t0+4,847,9.2,78,847,9.8,78,799,5.1,43,847,5.2,43,823
2011,4,historica,b,4,t0+5,847,13.8,117,847,15.0,117,778,8.5,72,847,9.1,72,791
2011,4,historica,c,1,t0+4,548,26.3,143,544,26.3,143,544,17.2,94,546,17.2,94,546
2011,4,historica,c,4,t0+5,548,29.6,162,547,29.6,162,547,19.9,109,548,19.9,109,548
2012,1,historica,a,1,t0+4,464,23.2,107,461,24.2,107,442,11.9,55,462,12.4,55,445
2012,1,historica,a,4,t0+5,464,24.1,111,460,25.5,111,436,16.1,74,461,16.6,74,446
2012,1,historica,b,1,t0+4,772,12.0,93,772,12.8,93,724,6.2,48,772,6.4,48,748
2012,1,historica,b,4,t0+5,772,14.9,115,772,16.2,115,709,8.9,69,772,9.4,69,733
2012,1,historica,c,1,t0+4,530,31.9,168,526,31.9,168,526,17.6,93,529,17.6,93,529
2012,1,historica,c,4,t0+5,530,30.5,161,528,30.5,161,528,20.8,110,528,20.8,110,528
2012,2,historica,a,1,t0+4,529,23.1,122,527,24.1,122,507,12.0,63,527,12.3,63,511
2012,2,historica,a,4,t0+5,529,25.7,135,526,27.1,135,498,17.8,94,528,18.6,94,506
2012,2,historica,b,1,t0+4,842,11.5,97,842,12.3,97,788,5.7,48,842,5.9,48,809
2012,2,historica,b,4,t0+5,842,13.2,111,842,14.3,111,776,8.8,74,842,9.3,74,797
2012,2,historica,c,1,t0+4,591,33.0,193,585,33.0,193,585,21.5,126,586,21.5,126,586
2012,2,historica,c,4,t0+5,591,38.5,227,589,38.5,227,589,26.7,157,587,26.7,157,587
2012,3,historica,a,1,t0+4,463,20.6,95,461,21.4,95,444,12.5,58,463,12.9,58,450
2012,3,historica,a,4,t0+5,463,28.8,133,462,30.6,133,435,18.7,86,461,19.5,86,442
2012,3,historica,b,1,t0+4,759,9.7,74,759,10.4,74,714,5.7,43,759,5.9,43,731
2012,3,historica,b,4,t0+5,759,14.8,112,759,16.2,112,690,10.1,77,759,10.9,77,705
2012,3,historica,c,1,t0+4,521,31.0,161,520,31.0,161,520,19.8,103,520,19.8,103,520
2012,3,historica,c,4,t0+5,521,37.4,194,519,37.4,194,519,25.2,130,516,25.2,130,516
2012,4,historica,a,1,t0+4,502,21.6,107,496,22.7,107,472,14.1,70,498,14.6,70,479
2012,4,historica,a,4,t0+5,502,29.9,150,502,31.7,150,473,20.3,102,502,21.5,102,475
2012,4,historica,b,1,t0+4,794,11.1,88,794,12.0,88,733,6.8,54,794,7.2,54,751
2012,4,historica,b,4,t0+5,794,16.9,134,794,18.7,134,716,11.7,93,794,12.7,93,734
2012,4,historica,c,1,t0+4,516,28.0,142,507,28.0,142,507,18.2,93,510,18.2,93,510
2012,4,historica,c,4,t0+5,516,34.2,176,514,34.2,176,514,24.9,128,514,24.9,128,514
2013,4,historica,a,1,t0+4,520,20.0,102,510,20.6,102,494,11.5,59,515,11.8,59,500
2013,4,historica,a,4,t0+5,520,24.4,126,516,25.8,126,488,14.7,76,517,15.2,76,500
2013,4,historica,b,1,t0+4,824,10.2,84,824,10.8,84,776,6.4,53,824,6.6,53,799
2013,4,historica,b,4,t0+5,824,14.7,121,824,15.9,121,761,10.4,86,824,10.9,86,787
2013,4,historica,c,1,t0+4,556,27.9,153,549,27.9,153,549,17.5,96,549,17.5,96,549
2013,4,historica,c,4,t0+5,556,37.1,205,553,37.1,205,553,24.5,135,551,24.5,135,551
2014,1,historica,a,1,t0+4,514,20.4,104,510,21.5,104,484,10.9,56,513,11.4,56,492
2014,1,historica,a,4,t0+5,514,24.3,124,511,25.9,124,478,16.0,82,513,16.8,82,489
2014,1,historica,b,1,t0+4,809,8.7,70,809,9.4,70,746,4.9,40,809,5.2,40,769
2014,1,historica,b,4,t0+5,809,12.1,98,809,13.5,98,726,9.3,75,809,10.0,75,751
2014,1,historica,c,1,t0+4,568,35.2,198,562,35.2,198,562,20.0,113,564,20.0,113,564
2014,1,historica,c,4,t0+5,568,35.5,199,561,35.5,199,561,24.6,139,565,24.6,139,565
2016,2,regular,a,1,t0+4,430,20.5,78,381,21.8,78,358,11.3,45,399,11.9,45,379
2016,2,regular,a,4,t0+5,430,28.2,108,383,30.0,108,360,16.8,66,394,17.4,66,379
2016,2,regular,b,1,t0+4,840,10.7,90,840,11.5,90,780,7.0,59,840,7.3,59,806
2016,2,regular,b,4,t0+5,840,15.7,132,840,17.2,132,767,9.8,82,840,10.4,82,792
2016,2,regular,c,1,t0+4,488,27.5,117,425,27.5,117,425,15.2,67,441,15.2,67,441
2016,2,regular,c,4,t0+5,488,31.3,133,425,31.3,133,425,17.4,76,438,17.4,76,438
2016,3,regular,a,1,t0+4,415,18.2,68,374,19.5,68,348,7.7,30,391,7.9,30,379
2016,3,regular,a,4,t0+5,415,25.1,94,375,26.0,94,362,15.1,59,391,15.8,59,374
2016,3,regular,b,1,t0+4,814,9.7,79,814,10.5,79,750,5.3,43,814,5.5,43,787
2016,3,regular,b,4,t0+5,814,13.3,108,814,14.4,108,751,8.2,67,814,8.7,67,766
2016,3,regular,c,1,t0+4,436,21.4,80,374,21.4,80,374,10.4,41,394,10.4,41,394
2016,3,regular,c,4,t0+5,436,26.4,101,382,26.4,101,382,14.0,55,393,14.0,55,393
2016,4,regular,a,1,t0+4,381,16.5,57,345,17.5,57,326,7.4,26,352,7.7,26,338
2016,4,regular,a,4,t0+5,381,20.9,71,340,22.0,71,322,13.1,47,359,13.8,47,340
2016,4,regular,b,1,t0+4,776,7.7,60,776,8.3,60,722,4.4,34,776,4.6,34,744
2016,4,regular,b,4,t0+5,776,13.1,102,776,14.3,102,712,8.4,65,776,8.9,65,728
2016,4,regular,c,1,t0+4,420,30.9,116,375,30.9,116,375,14.9,57,382,14.9,57,382
2016,4,regular,c,4,t0+5,420,30.7,115,374,30.7,115,374,17.2,66,384,17.2,66,384
2017,1,regular,a,1,t0+4,454,15.3,61,399,16.0,61,381,6.8,29,424,7.2,29,403
2017,1,regular,a,4,t0+5,454,21.8,91,417,23.7,91,384,12.4,53,428,13.1,53,405
2017,1,regular,b,1,t0+4,889,8.0,71,889,8.6,71,824,4.0,36,889,4.3,36,842
2017,1,regular,b,4,t0+5,889,12.1,108,889,13.5,108,801,7.8,69,889,8.3,69,830
2017,1,regular,c,1,t0+4,516,26.0,119,458,26.0,119,458,11.6,54,467,11.6,54,467
2017,1,regular,c,4,t0+5,516,27.5,125,455,27.5,125,455,16.0,75,470,16.0,75,470
2017,2,regular,a,1,t0+4,443,13.8,56,406,14.6,56,384,7.8,33,423,8.1,33,407
2017,2,regular,a,4,t0+5,443,22.6,93,411,23.9,93,389,11.7,48,412,12.2,48,394
2017,2,regular,b,1,t0+4,830,8.0,66,830,8.5,66,773,5.2,43,830,5.4,43,797
2017,2,regular,b,4,t0+5,830,14.6,121,830,15.9,121,760,8.8,73,830,9.3,73,783
2017,2,regular,c,1,t0+4,452,22.9,96,419,22.9,96,419,13.7,59,431,13.7,59,431
2017,2,regular,c,4,t0+5,452,31.4,130,414,31.4,130,414,17.3,73,421,17.3,73,421
2017,3,regular,a,1,t0+4,470,20.9,90,431,21.9,90,411,9.3,41,441,9.7,41,424
2017,3,regular,a,4,t0+5,470,24.0,103,430,25.4,103,405,13.3,59,442,14.1,59,418
2017,3,regular,b,1,t0+4,871,11.1,97,871,12.0,97,810,6.1,53,871,6.4,53,832
2017,3,regular,b,4,t0+5,871,13.8,120,871,15.2,120,788,8.2,71,871,8.8,71,811
2017,3,regular,c,1,t0+4,525,26.0,126,484,26.0,126,484,13.8,68,491,13.8,68,491
2017,3,regular,c,4,t0+5,525,33.9,162,478,33.9,162,478,18.9,92,486,18.9,92,486
2017,4,regular,a,1,t0+4,437,21.6,85,393,22.4,85,380,11.1,46,416,11.5,46,400
2017,4,regular,a,4,t0+5,437,23.2,92,397,24.4,92,377,13.7,56,408,14.2,56,393
2017,4,regular,b,1,t0+4,868,10.5,91,868,11.3,91,803,4.6,40,868,4.9,40,824
2017,4,regular,b,4,t0+5,868,10.8,94,868,12.1,94,779,7.5,65,868,8.1,65,807
2017,4,regular,c,1,t0+4,503,27.8,125,449,27.8,125,449,14.3,67,470,14.3,67,470
2017,4,regular,c,4,t0+5,503,32.1,148,461,32.1,148,461,18.9,88,465,18.9,88,465
2018,1,regular,a,1,t0+4,428,18.7,74,396,19.5,74,380,10.3,42,407,10.7,42,394
2018,1,regular,a,4,t0+5,428,20.2,78,386,21.4,78,365,10.7,44,410,11.3,44,391
2018,1,regular,b,1,t0+4,820,9.3,76,820,9.9,76,769,5.4,44,820,5.6,44,787
2018,1,regular,b,4,t0+5,820,12.3,101,820,13.5,101,748,7.9,65,820,8.4,65,776
2018,1,regular,c,1,t0+4,436,28.4,112,394,28.4,112,394,10.5,42,399,10.5,42,399
2018,1,regular,c,4,t0+5,436,26.9,104,387,26.9,104,387,16.1,65,403,16.1,65,403
2018,2,regular,a,1,t0+4,427,15.1,58,385,15.8,58,366,8.6,35,406,9.0,35,389
2018,2,regular,a,4,t0+5,427,25.1,101,403,26.3,101,384,12.5,51,407,13.0,51,391
2018,2,regular,b,1,t0+4,819,7.6,62,819,8.1,62,763,3.8,31,819,3.9,31,787
2018,2,regular,b,4,t0+5,819,10.6,87,819,11.6,87,752,6.3,52,819,6.7,52,778
2018,2,regular,c,1,t0+4,460,25.2,105,417,25.2,105,417,12.8,55,431,12.8,55,431
2018,2,regular,c,4,t0+5,460,30.2,130,430,30.2,130,430,15.2,66,434,15.2,66,434
2018,3,regular,a,1,t0+4,453,17.0,71,418,17.7,71,401,8.5,37,437,8.7,37,424
2018,3,regular,a,4,t0+5,453,20.6,87,423,21.8,87,400,12.7,55,434,13.2,55,416
2018,3,regular,b,1,t0+4,860,8.6,74,860,9.1,74,814,4.9,42,860,5.0,42,832
2018,3,regular,b,4,t0+5,860,12.3,106,860,13.5,106,787,7.2,62,860,7.6,62,812
2018,3,regular,c,1,t0+4,479,28.6,128,448,28.6,128,448,17.0,76,448,17.0,76,448
2018,3,regular,c,4,t0+5,479,33.6,150,446,33.6,150,446,19.8,88,445,19.8,88,445
2018,4,regular,a,1,t0+4,388,17.5,60,342,17.9,60,335,8.6,31,362,8.8,31,353
2018,4,regular,a,4,t0+5,388,21.3,76,357,22.3,76,341,11.4,42,367,12.0,42,350
2018,4,regular,b,1,t0+4,785,9.4,74,785,10.1,74,734,4.5,35,785,4.7,35,748
2018,4,regular,b,4,t0+5,785,10.2,80,785,11.1,80,720,6.2,49,785,6.7,49,730
2018,4,regular,c,1,t0+4,433,27.5,104,378,27.5,104,378,16.7,66,396,16.7,66,396
2018,4,regular,c,4,t0+5,433,36.2,145,400,36.2,145,400,21.9,88,401,21.9,88,401
2019,1,regular,a,1,t0+4,362,19.9,67,336,20.6,67,325,8.5,29,343,8.7,29,335
2019,1,regular,a,4,t0+5,362,21.4,70,327,22.5,70,311,12.8,44,343,13.9,44,317
2019,1,regular,b,1,t0+4,667,8.7,58,667,9.3,58,622,3.9,26,667,4.1,26,640
2019,1,regular,b,4,t0+5,667,11.8,79,667,13.1,79,603,6.7,45,667,7.4,45,608
2019,1,regular,c,1,t0+4,374,27.7,96,346,27.7,96,346,16.6,58,350,16.6,58,350
2019,1,regular,c,4,t0+5,374,32.4,110,340,32.4,110,340,19.8,68,343,19.8,68,343
2019,2,regular,a,1,t0+4,381,20.6,71,344,21.1,71,337,10.1,36,357,10.6,36,339
2019,2,regular,a,4,t0+5,381,30.1,102,339,34.8,102,293,18.2,64,352,19.9,64,321
2019,2,regular,b,1,t0+4,685,9.6,66,685,10.2,66,646,5.8,40,685,6.2,40,648
2019,2,regular,b,4,t0+5,685,11.8,81,685,15.3,81,528,8.2,56,685,9.4,56,597
2019,2,regular,c,1,t0+4,361,27.4,90,328,27.4,90,328,12.4,42,338,12.4,42,338
2019,2,regular,c,4,t0+5,361,42.9,137,319,42.9,137,319,25.4,83,327,25.4,83,327
2019,3,regular,a,1,t0+4,400,18.1,67,370,19.0,67,352,10.1,39,386,10.6,39,367
2019,3,regular,a,4,t0+5,400,27.5,100,364,30.2,100,331,17.8,67,376,19.0,67,352
2019,3,regular,b,1,t0+4,697,7.5,52,697,8.0,52,650,3.7,26,697,3.9,26,668
2019,3,regular,b,4,t0+5,697,9.0,63,697,10.6,63,593,6.0,42,697,6.6,42,640
2019,3,regular,c,1,t0+4,399,32.0,117,366,32.0,117,366,19.0,71,374,19.0,71,374
2019,3,regular,c,4,t0+5,399,44.8,162,362,44.8,162,362,29.1,104,358,29.1,104,358
2019,4,regular,a,1,t0+4,431,16.5,66,400,17.4,66,380,8.4,34,407,8.7,34,389
2019,4,regular,a,4,t0+5,431,22.9,90,393,25.2,90,357,12.0,49,407,12.9,49,381
2019,4,regular,b,1,t0+4,744,7.3,54,744,7.9,54,680,3.5,26,744,3.7,26,700
2019,4,regular,b,4,t0+5,744,8.6,64,744,10.1,64,636,5.9,44,744,6.6,44,670
2019,4,regular,c,1,t0+4,390,27.5,99,360,27.5,99,360,16.3,59,362,16.3,59,362
2019,4,regular,c,4,t0+5,390,42.3,149,352,42.3,149,352,23.6,83,351,23.6,83,351
2020,1,regular,a,1,t0+4,357,21.1,67,318,25.2,67,266,8.9,30,337,9.4,30,318
2020,1,regular,a,4,t0+5,357,21.3,68,319,22.1,68,307,11.9,40,337,12.3,40,325
2020,1,regular,b,1,t0+4,647,7.7,50,647,10.0,50,500,4.5,29,647,4.8,29,599
2020,1,regular,b,4,t0+5,647,9.7,63,647,10.7,63,588,6.3,41,647,6.7,41,609
2020,1,regular,c,1,t0+4,318,48.5,141,291,48.5,141,291,19.3,57,296,19.3,57,296
2020,1,regular,c,4,t0+5,318,28.2,81,287,28.2,81,287,14.1,41,291,14.1,41,291
2020,2,regular,a,1,t0+4,185,17.3,30,173,19.1,30,157,6.1,11,180,6.5,11,170
2020,2,regular,a,4,t0+5,185,19.3,34,176,20.5,34,166,12.8,23,180,13.4,23,172
2020,2,regular,b,1,t0+4,321,6.5,21,321,7.3,21,288,3.7,12,321,3.9,12,306
2020,2,regular,b,4,t0+5,321,10.3,33,321,11.1,33,297,6.5,21,321,6.9,21,304
2020,2,regular,c,1,t0+4,181,42.4,72,170,42.4,72,170,16.8,29,173,16.8,29,173
2020,2,regular,c,4,t0+5,181,27.9,48,172,27.9,48,172,18.1,31,171,18.1,31,171
2020,3,regular,a,1,t0+4,364,21.1,71,337,21.8,71,326,8.3,29,349,8.5,29,341
2020,3,regular,a,4,t0+5,364,22.0,72,328,23.1,72,312,13.3,46,345,13.6,46,337
2020,3,regular,b,1,t0+4,652,6.0,39,652,6.4,39,613,2.8,18,652,2.9,18,628
2020,3,regular,b,4,t0+5,652,11.2,73,652,12.3,73,595,6.9,45,652,7.3,45,620
2020,3,regular,c,1,t0+4,276,34.0,86,253,34.0,86,253,12.0,31,259,12.0,31,259
2020,3,regular,c,4,t0+5,276,22.5,56,249,22.5,56,249,12.9,33,255,12.9,33,255
2020,4,regular,a,1,t0+4,298,15.9,43,270,16.8,43,256,8.5,24,282,8.8,24,273
2020,4,regular,a,4,t0+5,298,25.7,69,268,27.0,69,256,14.4,40,277,15.0,40,266
2020,4,regular,b,1,t0+4,559,7.9,44,559,8.6,44,512,4.8,27,559,5.0,27,538
2020,4,regular,b,4,t0+5,559,13.1,73,559,14.4,73,508,8.6,48,559,9.1,48,527
2020,4,regular,c,1,t0+4,221,30.4,62,204,30.4,62,204,11.7,24,205,11.7,24,205
2020,4,regular,c,4,t0+5,221,26.0,50,192,26.0,50,192,14.2,28,197,14.2,28,197
2021,1,regular,a,1,t0+4,397,18.4,65,353,19.3,65,337,7.4,27,363,7.6,27,354
2021,1,regular,a,4,t0+5,397,19.6,69,352,20.8,69,332,11.6,43,371,11.9,43,362
2021,1,regular,b,1,t0+4,720,9.6,69,720,10.3,69,668,5.3,38,720,5.5,38,685
2021,1,regular,b,4,t0+5,720,12.6,91,720,14.2,91,641,7.8,56,720,8.3,56,671
2021,1,regular,c,1,t0+4,343,27.5,83,302,27.5,83,302,13.0,41,316,13.0,41,316
2021,1,regular,c,4,t0+5,343,31.3,97,310,31.3,97,310,20.2,64,317,20.2,64,317
2021,2,regular,a,1,t0+4,369,19.9,68,342,20.7,68,328,11.9,42,353,12.2,42,343
2021,2,regular,a,4,t0+5,369,26.1,90,345,27.7,90,325,15.3,53,347,16.2,53,327
2021,2,regular,b,1,t0+4,691,8.1,56,691,8.7,56,644,4.3,30,691,4.5,30,664
2021,2,regular,b,4,t0+5,691,12.9,89,691,14.2,89,626,8.5,59,691,9.2,59,640
2021,2,regular,c,1,t0+4,378,32.1,113,352,32.1,113,352,18.1,65,359,18.1,65,359
2021,2,regular,c,4,t0+5,378,37.1,130,350,37.1,130,350,22.5,79,351,22.5,79,351
2021,3,regular,a,1,t0+4,404,20.2,73,362,21.3,73,343,11.2,43,384,11.7,43,368
2021,3,regular,a,4,t0+5,404,28.1,101,360,29.7,101,340,18.3,70,383,19.1,70,366
2021,3,regular,b,1,t0+4,705,11.1,78,705,12.0,78,648,6.2,44,705,6.6,44,669
2021,3,regular,b,4,t0+5,705,13.9,98,705,15.4,98,637,9.9,70,705,10.7,70,656
2021,3,regular,c,1,t0+4,361,28.1,90,320,28.1,90,320,14.4,47,326,14.4,47,326
2021,3,regular,c,4,t0+5,361,35.1,108,308,35.1,108,308,18.5,61,330,18.5,61,330
2021,4,regular,a,1,t0+4,397,23.4,84,359,24.1,84,348,11.7,43,368,12.3,43,351
2021,4,regular,a,4,t0+5,397,26.4,92,349,28.5,92,323,17.1,64,375,18.1,64,353
2021,4,regular,b,1,t0+4,730,9.6,70,730,10.2,70,684,4.7,34,730,4.8,34,706
2021,4,regular,b,4,t0+5,730,13.7,100,730,14.7,100,678,8.4,61,730,8.8,61,697
2021,4,regular,c,1,t0+4,386,28.4,99,348,28.4,99,348,15.4,55,357,15.4,55,357
2021,4,regular,c,4,t0+5,386,35.7,125,350,35.7,125,350,19.8,71,358,19.8,71,358
2022,1,regular,a,1,t0+4,463,20.9,88,421,21.8,88,403,10.8,47,435,11.1,47,422
2022,1,regular,a,4,t0+5,463,23.3,96,412,24.4,96,394,15.6,67,430,16.4,67,408
2022,1,regular,b,1,t0+4,883,8.5,75,883,9.0,75,836,5.2,46,883,5.4,46,852
2022,1,regular,b,4,t0+5,883,14.2,125,883,15.3,125,815,9.5,84,883,10.1,84,835
2022,1,regular,c,1,t0+4,422,29.6,112,379,29.6,112,379,14.7,56,381,14.7,56,381
2022,1,regular,c,4,t0+5,422,34.2,127,371,34.2,127,371,19.2,73,380,19.2,73,380
2022,2,regular,a,1,t0+4,360,16.7,53,318,17.3,53,307,8.6,29,336,9.0,29,323
2022,2,regular,a,4,t0+5,360,24.9,79,317,26.2,79,301,12.9,43,333,13.4,43,321
2022,2,regular,b,1,t0+4,722,9.3,67,722,9.8,67,682,6.5,47,722,6.8,47,696
2022,2,regular,b,4,t0+5,722,15.0,108,722,16.1,108,670,11.1,80,722,11.6,80,689
2022,2,regular,c,1,t0+4,360,30.8,103,334,30.8,103,334,15.2,50,330,15.2,50,330
2022,2,regular,c,4,t0+5,360,34.9,106,304,34.9,106,304,16.0,50,312,16.0,50,312
2022,3,regular,a,1,t0+4,450,20.4,82,402,21.5,82,381,9.7,40,413,10.1,40,397
2022,3,regular,a,4,t0+5,450,22.3,88,395,23.2,88,379,14.7,61,415,15.4,61,396
2022,3,regular,b,1,t0+4,843,8.9,75,843,9.7,75,776,5.3,45,843,5.6,45,801
2022,3,regular,b,4,t0+5,843,13.6,115,843,14.8,115,775,9.1,77,843,9.8,77,788
2022,3,regular,c,1,t0+4,446,25.6,101,394,25.6,101,394,12.1,49,405,12.1,49,405
2022,3,regular,c,4,t0+5,446,31.2,121,388,31.2,121,388,16.0,63,394,16.0,63,394
2022,4,regular,a,1,t0+4,387,22.6,79,350,23.5,79,336,11.8,43,364,12.4,43,347
2022,4,regular,a,4,t0+5,387,27.4,93,339,29.2,93,319,16.8,61,364,17.8,61,343
2022,4,regular,b,1,t0+4,749,9.6,72,749,10.3,72,700,5.7,43,749,6.0,43,716
2022,4,regular,b,4,t0+5,749,14.8,111,749,16.2,111,685,8.7,65,749,9.3,65,701
2022,4,regular,c,1,t0+4,389,34.4,117,340,34.4,117,340,15.7,54,343,15.7,54,343
2022,4,regular,c,4,t0+5,389,32.8,108,329,32.8,108,329,19.6,68,347,19.6,68,347
2023,1,regular,a,1,t0+4,355,22.0,70,318,23.0,70,305,10.7,35,327,11.1,35,315
2023,1,regular,a,4,t0+5,355,25.1,77,307,26.6,77,289,15.4,51,332,16.1,51,317
2023,1,regular,b,1,t0+4,710,11.0,78,710,11.7,78,665,6.1,43,710,6.3,43,681
2023,1,regular,b,4,t0+5,710,13.7,97,710,15.0,97,646,10.3,73,710,10.9,73,669
2023,1,regular,c,1,t0+4,374,29.2,96,329,29.2,96,329,15.1,51,338,15.1,51,338
2023,1,regular,c,4,t0+5,374,33.0,106,321,33.0,106,321,18.3,61,333,18.3,61,333
2023,2,regular,a,1,t0+4,425,19.1,72,377,19.9,72,362,7.1,28,396,7.3,28,384
2023,2,regular,a,4,t0+5,425,23.5,89,378,24.7,89,361,14.3,56,392,14.9,56,376
2023,2,regular,b,1,t0+4,790,8.4,66,790,9.0,66,735,4.1,32,790,4.2,32,759
2023,2,regular,b,4,t0+5,790,11.4,90,790,12.4,90,724,8.0,63,790,8.5,63,739
2023,2,regular,c,1,t0+4,394,25.6,89,348,25.6,89,348,13.9,50,359,13.9,50,359
2023,2,regular,c,4,t0+5,394,33.6,116,345,33.6,116,345,18.1,63,349,18.1,63,349
2023,3,regular,a,1,t0+4,370,22.1,71,321,22.8,71,312,8.9,30,337,9.1,30,328
2023,3,regular,a,4,t0+5,370,24.4,77,316,25.7,77,300,16.2,54,333,16.9,54,319
2023,3,regular,b,1,t0+4,727,9.1,66,727,9.5,66,692,4.8,35,727,5.0,35,701
2023,3,regular,b,4,t0+5,727,13.2,96,727,14.3,96,671,7.6,55,727,8.0,55,687
2023,3,regular,c,1,t0+4,352,27.7,85,307,27.7,85,307,11.6,37,318,11.6,37,318
2023,3,regular,c,4,t0+5,352,30.0,87,290,30.0,87,290,16.0,48,300,16.0,48,300
2023,4,regular,a,1,t0+4,321,17.0,49,289,17.8,49,276,7.1,21,296,7.4,21,283
2023,4,regular,a,4,t0+5,321,20.0,54,270,21.4,54,252,10.4,30,289,10.9,30,274
2023,4,regular,b,1,t0+4,673,7.4,50,673,8.1,50,620,4.3,29,673,4.5,29,645
2023,4,regular,b,4,t0+5,673,10.7,72,673,11.8,72,609,7.4,50,673,7.8,50,637
2023,4,regular,c,1,t0+4,341,29.8,90,302,29.8,90,302,16.4,51,311,16.4,51,311
2023,4,regular,c,4,t0+5,341,34.2,101,295,34.2,101,295,21.5,64,297,21.5,64,297
2024,1,regular,a,1,t0+4,405,21.3,73,343,22.1,73,330,9.9,36,365,10.3,36,350
2024,1,regular,a,4,t0+5,405,24.6,82,334,25.9,82,316,13.7,50,365,14.4,50,348
2024,1,regular,b,1,t0+4,796,10.1,80,796,10.6,80,756,5.2,41,796,5.3,41,773
2024,1,regular,b,4,t0+5,796,12.3,98,796,13.2,98,743,8.5,68,796,8.9,68,760
2024,1,regular,c,1,t0+4,399,32.5,110,338,32.5,110,338,15.9,57,359,15.9,57,359
2024,1,regular,c,4,t0+5,399,34.4,114,331,34.4,114,331,19.0,65,343,19.0,65,343
2024,2,regular,a,1,t0+4,357,16.5,51,310,17.5,51,292,10.8,35,324,11.3,35,309
2024,2,regular,a,4,t0+5,357,29.9,89,298,31.8,89,280,14.7,47,319,15.6,47,302
2024,2,regular,b,1,t0+4,718,7.4,53,718,8.0,53,660,4.6,33,718,4.9,33,679
2024,2,regular,b,4,t0+5,718,11.6,83,718,12.8,83,647,6.5,47,718,7.0,47,674
2024,2,regular,c,1,t0+4,359,37.2,118,317,37.2,118,317,21.2,67,316,21.2,67,316
2024,2,regular,c,4,t0+5,359,42.0,124,295,42.0,124,295,26.4,83,314,26.4,83,314
2024,3,regular,a,1,t0+4,415,22.2,78,352,23.5,78,332,10.5,39,371,11.1,39,351
2024,3,regular,a,4,t0+5,415,22.3,78,350,23.7,78,329,13.4,50,374,14.2,50,353
2024,3,regular,b,1,t0+4,827,10.6,88,827,11.5,88,765,5.7,47,827,5.9,47,796
2024,3,regular,b,4,t0+5,827,11.5,95,827,12.7,95,748,8.5,70,827,9.0,70,781
2024,3,regular,c,1,t0+4,412,33.8,119,352,33.8,119,352,19.1,70,367,19.1,70,367
2024,3,regular,c,4,t0+5,412,36.1,126,349,36.1,126,349,22.4,82,366,22.4,82,366
