definicion,h,era,ancla_con_deficit_t,n_total,n_no_determinable,pct_no_determinable
a,1,historica,False,56111,626,1.1
a,1,historica,True,10832,139,1.3
a,1,regular,False,39541,4378,11.1
a,1,regular,True,3624,300,8.3
a,4,historica,False,44418,417,0.9
a,4,historica,True,8425,95,1.1
a,4,regular,False,33218,3749,11.3
a,4,regular,True,2937,269,9.2
b,1,historica,False,93859,0,0.0
b,1,historica,True,11904,0,0.0
b,1,regular,False,79855,0,0.0
b,1,regular,True,4613,0,0.0
b,4,historica,False,74182,0,0.0
b,4,historica,True,9231,0,0.0
b,4,regular,False,66160,0,0.0
b,4,regular,True,3664,0,0.0
c,1,historica,False,55678,614,1.1
c,1,historica,True,12770,158,1.2
c,1,regular,False,39242,4557,11.6
c,1,regular,True,4325,375,8.7
c,4,historica,False,44036,411,0.9
c,4,historica,True,9882,99,1.0
c,4,regular,False,32830,4017,12.2
c,4,regular,True,3485,342,9.8
