anio,trimestre,era,grupo,n_hogares,pct_ancla_con_deficit,pct_activos_sin_empleo_formal
2003,3,historica,con_quintil,12804,9.0,43.3
2003,3,historica,sin_quintil,376,14.1,51.6
2003,4,historica,con_quintil,12992,8.5,44.1
2003,4,historica,sin_quintil,333,14.1,55.3
2004,1,historica,con_quintil,12548,8.7,43.9
2004,1,historica,sin_quintil,268,20.1,63.1
2004,2,historica,con_quintil,13184,8.9,43.5
2004,2,historica,sin_quintil,625,7.4,32.0
2004,3,historica,con_quintil,13625,8.5,42.6
2004,3,historica,sin_quintil,181,13.3,64.6
2004,4,historica,con_quintil,13318,8.0,42.5
2004,4,historica,sin_quintil,179,18.4,65.4
2005,1,historica,con_quintil,13417,8.2,41.7
2005,1,historica,sin_quintil,180,10.6,66.1
2005,2,historica,con_quintil,13354,8.2,41.1
2005,2,historica,sin_quintil,157,13.4,65.0
2005,3,historica,con_quintil,13650,8.0,40.8
2005,3,historica,sin_quintil,157,20.4,67.5
2005,4,historica,con_quintil,13576,8.0,40.7
2005,4,historica,sin_quintil,128,12.5,57.0
2006,1,historica,con_quintil,13168,8.1,39.6
2006,1,historica,sin_quintil,147,11.6,61.9
2006,2,historica,con_quintil,13835,8.4,39.7
2006,2,historica,sin_quintil,127,11.8,52.8
2006,3,historica,con_quintil,18685,7.8,37.7
2006,3,historica,sin_quintil,181,17.7,53.6
2006,4,historica,con_quintil,18492,7.7,36.7
2006,4,historica,sin_quintil,163,12.3,51.5
2007,1,historica,con_quintil,18183,7.6,36.0
2007,1,historica,sin_quintil,177,13.6,58.8
2007,2,historica,con_quintil,18382,7.1,35.5
2007,2,historica,sin_quintil,144,13.2,57.6
2007,4,historica,con_quintil,17734,7.3,34.6
2007,4,historica,sin_quintil,157,13.4,58.6
2008,1,historica,con_quintil,17988,7.0,34.1
2008,1,historica,sin_quintil,135,21.5,59.3
2008,2,historica,con_quintil,18071,6.8,34.4
2008,2,historica,sin_quintil,153,9.2,58.2
2008,3,historica,con_quintil,18173,6.9,34.3
2008,3,historica,sin_quintil,153,19.6,52.9
2008,4,historica,con_quintil,18089,6.7,33.0
2008,4,historica,sin_quintil,128,10.9,47.7
2009,1,historica,con_quintil,17644,6.7,33.1
2009,1,historica,sin_quintil,176,10.2,59.1
2009,2,historica,con_quintil,17749,6.9,33.7
2009,2,historica,sin_quintil,155,12.9,52.3
2009,3,historica,con_quintil,17988,6.6,33.4
2009,3,historica,sin_quintil,161,6.2,62.1
2009,4,historica,con_quintil,17667,6.1,32.5
2009,4,historica,sin_quintil,140,14.3,60.7
2010,1,historica,con_quintil,17335,6.5,33.0
2010,1,historica,sin_quintil,143,7.0,53.8
2010,2,historica,con_quintil,17684,6.9,33.6
2010,2,historica,sin_quintil,129,7.0,51.2
2010,3,historica,con_quintil,17910,6.4,32.1
2010,3,historica,sin_quintil,135,8.1,60.7
2010,4,historica,con_quintil,17686,6.0,31.3
2010,4,historica,sin_quintil,126,11.9,50.0
2011,1,historica,con_quintil,17490,6.2,31.7
2011,1,historica,sin_quintil,117,9.4,59.8
2011,2,historica,con_quintil,17863,6.2,31.9
2011,2,historica,sin_quintil,138,7.2,55.1
2011,3,historica,con_quintil,17640,6.1,31.9
2011,3,historica,sin_quintil,121,7.4,58.7
2011,4,historica,con_quintil,17582,5.8,31.9
2011,4,historica,sin_quintil,104,8.7,53.8
2012,1,historica,con_quintil,17149,5.9,30.9
2012,1,historica,sin_quintil,153,5.9,54.9
2012,2,historica,con_quintil,17541,5.8,31.5
2012,2,historica,sin_quintil,95,9.5,58.9
2012,3,historica,con_quintil,17292,5.7,31.6
2012,3,historica,sin_quintil,111,7.2,61.3
2012,4,historica,con_quintil,16866,5.5,31.6
2012,4,historica,sin_quintil,87,9.2,55.2
2013,1,historica,con_quintil,16894,5.3,31.0
2013,1,historica,sin_quintil,119,5.0,55.5
2013,2,historica,con_quintil,17269,5.2,31.7
2013,2,historica,sin_quintil,110,7.3,50.0
2013,3,historica,con_quintil,17255,5.2,31.4
2013,3,historica,sin_quintil,123,4.9,39.0
2013,4,historica,con_quintil,17332,4.8,30.5
2013,4,historica,sin_quintil,154,5.8,39.6
2014,1,historica,con_quintil,17645,4.6,31.2
2014,1,historica,sin_quintil,152,7.9,52.0
2014,2,historica,con_quintil,18642,4.5,31.2
2014,2,historica,sin_quintil,138,5.8,50.7
2014,3,historica,con_quintil,18900,4.6,31.3
2014,3,historica,sin_quintil,141,6.4,52.5
2014,4,historica,con_quintil,18772,4.4,31.5
2014,4,historica,sin_quintil,137,8.0,50.4
2015,1,historica,con_quintil,18620,4.5,30.9
2015,1,historica,sin_quintil,123,8.1,47.2
2015,2,historica,con_quintil,18742,4.2,30.0
2015,2,historica,sin_quintil,133,3.8,37.6
2016,2,regular,con_quintil,14529,4.4,30.7
2016,2,regular,sin_quintil,4267,3.0,34.6
2016,3,regular,con_quintil,14273,4.3,30.9
2016,3,regular,sin_quintil,4527,3.0,33.4
2016,4,regular,con_quintil,13900,4.5,30.7
2016,4,regular,sin_quintil,4472,3.0,34.0
2017,1,regular,con_quintil,14021,4.6,31.5
2017,1,regular,sin_quintil,4456,3.4,35.1
2017,2,regular,con_quintil,14907,4.1,31.3
2017,2,regular,sin_quintil,3964,3.0,34.9
2017,3,regular,con_quintil,15060,3.9,31.3
2017,3,regular,sin_quintil,3746,2.9,33.7
2017,4,regular,con_quintil,15082,4.0,31.5
2017,4,regular,sin_quintil,3711,2.4,34.2
2018,1,regular,con_quintil,14977,3.8,31.9
2018,1,regular,sin_quintil,3647,2.8,33.5
2018,2,regular,con_quintil,15139,4.0,32.6
2018,2,regular,sin_quintil,3447,2.3,35.3
2018,3,regular,con_quintil,14930,4.1,33.1
2018,3,regular,sin_quintil,3434,2.8,34.2
2018,4,regular,con_quintil,15338,3.9,33.2
2018,4,regular,sin_quintil,3278,2.3,36.2
2019,1,regular,con_quintil,15694,3.8,33.4
2019,1,regular,sin_quintil,3644,1.9,34.4
2019,2,regular,con_quintil,16350,4.1,34.1
2019,2,regular,sin_quintil,2901,2.4,36.1
2019,3,regular,con_quintil,15630,4.1,34.1
2019,3,regular,sin_quintil,2980,2.8,37.3
2019,4,regular,con_quintil,15879,3.7,34.1
2019,4,regular,sin_quintil,3156,2.6,37.0
2020,1,regular,con_quintil,13963,3.5,33.6
2020,1,regular,sin_quintil,2882,2.4,36.5
2020,2,regular,con_quintil,10006,3.6,29.2
2020,2,regular,sin_quintil,1970,1.7,29.0
2020,3,regular,con_quintil,11186,3.5,33.6
2020,3,regular,sin_quintil,2317,1.8,33.4
2020,4,regular,con_quintil,11831,3.4,34.6
2020,4,regular,sin_quintil,2611,2.1,33.4
2021,1,regular,con_quintil,12591,3.0,34.5
2021,1,regular,sin_quintil,2832,2.5,35.1
2021,2,regular,con_quintil,12662,3.0,33.5
2021,2,regular,sin_quintil,2958,1.8,36.7
2021,3,regular,con_quintil,12939,3.0,34.6
2021,3,regular,sin_quintil,3346,1.4,35.4
2021,4,regular,con_quintil,13455,3.0,34.4
2021,4,regular,sin_quintil,3582,1.4,33.7
2022,1,regular,con_quintil,13269,3.1,33.7
2022,1,regular,sin_quintil,3629,1.9,34.9
2022,2,regular,con_quintil,13599,3.2,35.0
2022,2,regular,sin_quintil,3768,1.5,33.9
2022,3,regular,con_quintil,13209,2.9,34.0
2022,3,regular,sin_quintil,3677,2.1,35.1
2022,4,regular,con_quintil,13001,3.1,33.5
2022,4,regular,sin_quintil,3739,2.1,34.2
2023,1,regular,con_quintil,12981,3.2,33.9
2023,1,regular,sin_quintil,3834,2.6,37.3
2023,2,regular,con_quintil,13275,2.9,33.8
2023,2,regular,sin_quintil,3715,2.5,36.9
2023,3,regular,con_quintil,12806,3.0,33.8
2023,3,regular,sin_quintil,3850,2.1,34.3
2023,4,regular,con_quintil,12631,3.4,33.8
2023,4,regular,sin_quintil,3831,1.9,35.4
2024,1,regular,con_quintil,12461,3.0,33.4
2024,1,regular,sin_quintil,3643,1.8,36.1
2024,2,regular,con_quintil,12654,2.6,34.9
2024,2,regular,sin_quintil,3799,2.1,35.1
2024,3,regular,con_quintil,12503,2.9,34.2
2024,3,regular,sin_quintil,4147,1.9,38.4
2024,4,regular,con_quintil,12231,2.8,33.6
2024,4,regular,sin_quintil,4280,2.3,38.3
2025,1,regular,con_quintil,12033,2.6,33.8
2025,1,regular,sin_quintil,3951,1.6,38.0
2025,2,regular,con_quintil,12305,2.4,34.1
2025,2,regular,sin_quintil,3864,1.6,38.7
2025,3,regular,con_quintil,11754,2.5,34.9
2025,3,regular,sin_quintil,4106,1.6,39.0
2025,4,regular,con_quintil,11558,2.2,34.7
2025,4,regular,sin_quintil,3976,1.7,39.8
