h,anio_t,trimestre_t,era,definicion,n_precario_t,n_sale_por_empleo,n_sale_por_ingreso_con_activos,n_sale_por_ingreso_sin_activos,n_pasa_a_sin_activos,n_permanece,n_no_determinable,n_sale_con_empleo_formal_adicional,tasa_salida_principal,tasa_salida_robustez,n_sale
1,2003,3,historica,a,1431,95.0,189.0,6.0,32.0,1072,37,95,20.8,21.29,
1,2003,3,historica,b,2271,173.0,,,105.0,1993,0,173,7.62,7.99,
1,2003,3,historica,c,1147,,,,,771,27,115,31.16,31.16,349.0
1,2003,4,historica,a,1480,103.0,175.0,11.0,33.0,1118,40,103,20.07,20.54,
1,2003,4,historica,b,2365,178.0,,,110.0,2077,0,178,7.53,7.89,
1,2003,4,historica,c,1196,,,,,797,45,115,30.76,30.76,354.0
1,2004,1,historica,a,1445,83.0,160.0,8.0,44.0,1111,39,83,17.85,18.43,
1,2004,1,historica,b,2285,176.0,,,122.0,1987,0,176,7.7,8.14,
1,2004,1,historica,c,1198,,,,,805,31,110,31.02,31.02,362.0
1,2004,2,historica,a,1501,84.0,158.0,14.0,33.0,1187,25,84,17.34,17.74,
1,2004,2,historica,b,2429,165.0,,,123.0,2141,0,165,6.79,7.16,
1,2004,2,historica,c,1281,,,,,863,21,129,31.51,31.51,397.0
1,2004,3,historica,a,1547,99.0,189.0,6.0,41.0,1179,33,99,19.42,19.96,
1,2004,3,historica,b,2409,189.0,,,115.0,2105,0,189,7.85,8.24,
1,2004,3,historica,c,1275,,,,,895,32,91,28.0,28.0,348.0
1,2004,4,historica,a,1468,95.0,127.0,8.0,41.0,1165,32,95,16.02,16.49,
1,2004,4,historica,b,2365,194.0,,,126.0,2045,0,194,8.2,8.66,
1,2004,4,historica,c,1288,,,,,900,25,146,28.74,28.74,363.0
1,2005,1,historica,a,1437,109.0,185.0,8.0,43.0,1077,15,109,21.24,21.9,
1,2005,1,historica,b,2289,206.0,,,118.0,1965,0,206,9.0,9.49,
1,2005,1,historica,c,1239,,,,,826,14,130,32.57,32.57,399.0
1,2005,2,historica,a,1429,98.0,135.0,8.0,40.0,1126,22,98,17.13,17.63,
1,2005,2,historica,b,2307,183.0,,,120.0,2004,0,183,7.93,8.37,
1,2005,2,historica,c,1263,,,,,896,20,118,27.92,27.92,347.0
1,2005,3,historica,a,1471,134.0,146.0,5.0,41.0,1129,16,134,19.59,20.16,
1,2005,3,historica,b,2298,214.0,,,99.0,1985,0,214,9.31,9.73,
1,2005,3,historica,c,1325,,,,,920,16,131,29.72,29.72,389.0
1,2005,4,historica,a,1449,108.0,133.0,5.0,73.0,1112,18,108,17.19,18.11,
1,2005,4,historica,b,2228,199.0,,,141.0,1888,0,199,8.93,9.54,
1,2005,4,historica,c,1304,,,,,916,16,131,28.88,28.88,372.0
1,2006,1,historica,a,1462,99.0,165.0,9.0,46.0,1128,15,99,18.87,19.49,
1,2006,1,historica,b,2208,186.0,,,93.0,1929,0,186,8.42,8.79,
1,2006,1,historica,c,1296,,,,,975,19,85,23.65,23.65,302.0
1,2006,2,historica,a,1464,127.0,132.0,5.0,62.0,1115,23,127,18.32,19.14,
1,2006,2,historica,b,2284,205.0,,,129.0,1950,0,205,8.98,9.51,
1,2006,2,historica,c,1351,,,,,943,23,145,28.99,28.99,385.0
1,2006,3,historica,a,1868,180.0,199.0,12.0,73.0,1380,24,180,21.2,22.08,
1,2006,3,historica,b,2922,311.0,,,161.0,2450,0,311,10.64,11.26,
1,2006,3,historica,c,1732,,,,,1223,25,183,28.35,28.35,484.0
1,2006,4,historica,a,1718,144.0,171.0,8.0,71.0,1304,20,144,19.02,19.85,
1,2006,4,historica,b,2776,256.0,,,187.0,2333,0,256,9.22,9.89,
1,2006,4,historica,c,1708,,,,,1227,21,183,27.27,27.27,460.0
1,2007,1,historica,a,1725,172.0,154.0,13.0,74.0,1302,10,172,19.77,20.66,
1,2007,1,historica,b,2661,270.0,,,163.0,2228,0,270,10.15,10.81,
1,2007,1,historica,c,1653,,,,,1185,11,162,27.83,27.83,457.0
1,2007,4,historica,a,1518,151.0,154.0,15.0,78.0,1101,19,151,21.35,22.52,
1,2007,4,historica,b,2422,263.0,,,164.0,1995,0,263,10.86,11.65,
1,2007,4,historica,c,1622,,,,,1131,19,215,29.44,29.44,472.0
1,2008,1,historica,a,1620,159.0,181.0,14.0,65.0,1184,17,159,22.08,23.02,
1,2008,1,historica,b,2533,281.0,,,140.0,2112,0,281,11.09,11.74,
1,2008,1,historica,c,1656,,,,,1142,16,195,30.37,30.37,498.0
1,2008,2,historica,a,1559,130.0,134.0,9.0,80.0,1190,16,130,17.69,18.66,
1,2008,2,historica,b,2507,252.0,,,155.0,2100,0,252,10.05,10.71,
1,2008,2,historica,c,1691,,,,,1163,25,223,30.19,30.19,503.0
1,2008,3,historica,a,1646,171.0,181.0,9.0,67.0,1201,17,171,22.16,23.11,
1,2008,3,historica,b,2554,278.0,,,151.0,2125,0,278,10.88,11.57,
1,2008,3,historica,c,1622,,,,,1173,18,179,26.87,26.87,431.0
1,2008,4,historica,a,1453,144.0,133.0,14.0,56.0,1092,14,144,20.22,21.04,
1,2008,4,historica,b,2326,230.0,,,169.0,1927,0,230,9.89,10.66,
1,2008,4,historica,c,1669,,,,,1175,18,219,28.83,28.83,476.0
1,2009,1,historica,a,1535,145.0,200.0,5.0,64.0,1101,20,145,23.1,24.12,
1,2009,1,historica,b,2411,252.0,,,142.0,2017,0,252,10.45,11.11,
1,2009,1,historica,c,1667,,,,,1126,21,191,31.59,31.59,520.0
1,2009,2,historica,a,1499,127.0,131.0,12.0,67.0,1142,20,127,18.26,19.12,
1,2009,2,historica,b,2383,236.0,,,167.0,1980,0,236,9.9,10.65,
1,2009,2,historica,c,1639,,,,,1143,19,207,29.44,29.44,477.0
1,2009,3,historica,a,1580,160.0,184.0,8.0,74.0,1139,15,160,22.49,23.61,
1,2009,3,historica,b,2479,263.0,,,163.0,2053,0,263,10.61,11.36,
1,2009,3,historica,c,1690,,,,,1190,16,185,28.91,28.91,484.0
1,2009,4,historica,a,1428,128.0,172.0,9.0,67.0,1039,13,128,21.84,22.92,
1,2009,4,historica,b,2285,210.0,,,158.0,1917,0,210,9.19,9.87,
1,2009,4,historica,c,1626,,,,,1154,15,199,28.37,28.37,457.0
1,2010,1,historica,a,1563,157.0,188.0,8.0,64.0,1133,13,157,22.77,23.76,
1,2010,1,historica,b,2429,276.0,,,146.0,2007,0,276,11.36,12.09,
1,2010,1,historica,c,1740,,,,,1166,15,221,32.41,32.41,559.0
1,2010,2,historica,a,1495,152.0,144.0,10.0,78.0,1095,16,152,20.69,21.84,
1,2010,2,historica,b,2418,276.0,,,158.0,1984,0,276,11.41,12.21,
1,2010,2,historica,c,1659,,,,,1156,16,213,29.64,29.64,487.0
1,2010,3,historica,a,1480,149.0,163.0,14.0,49.0,1091,14,149,22.24,23.01,
1,2010,3,historica,b,2309,261.0,,,135.0,1913,0,261,11.3,12.01,
1,2010,3,historica,c,1703,,,,,1208,16,181,28.39,28.39,479.0
1,2010,4,historica,a,1381,146.0,159.0,16.0,50.0,993,17,146,23.53,24.43,
1,2010,4,historica,b,2219,231.0,,,152.0,1836,0,231,10.41,11.18,
1,2010,4,historica,c,1611,,,,,1045,15,260,34.52,34.52,551.0
1,2011,1,historica,a,1458,130.0,163.0,9.0,55.0,1090,11,130,20.87,21.7,
1,2011,1,historica,b,2287,244.0,,,131.0,1912,0,244,10.67,11.32,
1,2011,1,historica,c,1692,,,,,1183,15,208,29.46,29.46,494.0
1,2011,2,historica,a,1471,157.0,165.0,8.0,54.0,1078,9,157,22.57,23.44,
1,2011,2,historica,b,2314,277.0,,,136.0,1901,0,277,11.97,12.72,
1,2011,2,historica,c,1643,,,,,1110,4,240,32.28,32.28,529.0
1,2011,3,historica,a,1475,143.0,185.0,12.0,69.0,1059,7,143,23.16,24.3,
1,2011,3,historica,b,2311,236.0,,,143.0,1932,0,236,10.21,10.89,
1,2011,3,historica,c,1676,,,,,1098,7,224,34.21,34.21,571.0
1,2011,4,historica,a,1401,134.0,147.0,11.0,57.0,1039,13,134,21.04,21.94,
1,2011,4,historica,b,2218,230.0,,,141.0,1847,0,230,10.37,11.07,
1,2011,4,historica,c,1554,,,,,1071,16,222,30.36,30.36,467.0
1,2012,1,historica,a,1418,150.0,159.0,4.0,62.0,1031,12,150,22.26,23.29,
1,2012,1,historica,b,2193,229.0,,,136.0,1828,0,229,10.44,11.13,
1,2012,1,historica,c,1579,,,,,1066,11,214,32.02,32.02,502.0
1,2012,2,historica,a,1430,142.0,137.0,5.0,51.0,1083,12,142,20.03,20.78,
1,2012,2,historica,b,2264,219.0,,,129.0,1916,0,219,9.67,10.26,
1,2012,2,historica,c,1605,,,,,1094,15,243,31.19,31.19,496.0
1,2012,3,historica,a,1364,139.0,149.0,3.0,44.0,1020,9,139,21.48,22.2,
1,2012,3,historica,b,2202,226.0,,,111.0,1865,0,226,10.26,10.81,
1,2012,3,historica,c,1511,,,,,1050,11,181,30.0,30.0,450.0
1,2012,4,historica,a,1400,152.0,153.0,13.0,59.0,1004,19,152,23.03,24.05,
1,2012,4,historica,b,2176,242.0,,,148.0,1786,0,242,11.12,11.93,
1,2012,4,historica,c,1518,,,,,1039,22,212,30.55,30.55,457.0
1,2013,1,historica,a,1393,146.0,157.0,6.0,60.0,1011,13,146,22.39,23.41,
1,2013,1,historica,b,2177,226.0,,,139.0,1812,0,226,10.38,11.09,
1,2013,1,historica,c,1590,,,,,1081,12,206,31.5,31.5,497.0
1,2013,2,historica,a,1408,129.0,142.0,11.0,68.0,1047,11,129,20.19,21.22,
1,2013,2,historica,b,2245,221.0,,,141.0,1883,0,221,9.84,10.5,
1,2013,2,historica,c,1613,,,,,1096,9,232,31.67,31.67,508.0
1,2013,3,historica,a,1410,130.0,165.0,5.0,69.0,1031,10,130,21.43,22.54,
1,2013,3,historica,b,2219,245.0,,,161.0,1813,0,245,11.04,11.9,
1,2013,3,historica,c,1565,,,,,1055,11,220,32.11,32.11,499.0
1,2013,4,historica,a,1342,131.0,147.0,15.0,36.0,996,17,131,22.11,22.73,
1,2013,4,historica,b,2119,228.0,,,133.0,1758,0,228,10.76,11.48,
1,2013,4,historica,c,1452,,,,,985,17,214,31.36,31.36,450.0
1,2014,1,historica,a,1462,156.0,177.0,11.0,55.0,1052,11,156,23.71,24.64,
1,2014,1,historica,b,2324,245.0,,,154.0,1925,0,245,10.54,11.29,
1,2014,1,historica,c,1576,,,,,1006,12,249,35.68,35.68,558.0
1,2014,2,historica,a,1460,132.0,144.0,11.0,70.0,1095,8,132,19.77,20.77,
1,2014,2,historica,b,2324,223.0,,,156.0,1945,0,223,9.6,10.29,
1,2014,2,historica,c,1536,,,,,1040,10,225,31.85,31.85,486.0
1,2014,3,historica,a,1539,150.0,149.0,23.0,73.0,1136,8,150,21.03,22.09,
1,2014,3,historica,b,2425,253.0,,,170.0,2002,0,253,10.43,11.22,
1,2014,3,historica,c,1522,,,,,1041,9,189,31.2,31.2,472.0
1,2014,4,historica,a,1451,154.0,147.0,14.0,72.0,1054,10,154,21.86,23.01,
1,2014,4,historica,b,2310,243.0,,,174.0,1893,0,243,10.52,11.38,
1,2014,4,historica,c,1473,,,,,987,12,206,32.44,32.44,474.0
1,2015,1,historica,a,1409,146.0,191.0,17.0,52.0,998,5,146,25.21,26.18,
1,2015,1,historica,b,2283,248.0,,,163.0,1872,0,248,10.86,11.7,
1,2015,1,historica,c,1492,,,,,965,4,228,35.15,35.15,523.0
1,2016,2,regular,a,1193,117.0,79.0,7.0,64.0,800,126,117,19.03,20.24,
1,2016,2,regular,b,2307,253.0,,,173.0,1881,0,253,10.97,11.86,
1,2016,2,regular,c,1322,,,,,814,176,162,28.97,28.97,332.0
1,2016,3,regular,a,1185,118.0,93.0,5.0,54.0,775,140,118,20.67,21.8,
1,2016,3,regular,b,2337,246.0,,,156.0,1935,0,246,10.53,11.28,
1,2016,3,regular,c,1237,,,,,800,183,105,24.1,24.1,254.0
1,2016,4,regular,a,1091,89.0,76.0,5.0,55.0,746,120,89,17.51,18.56,
1,2016,4,regular,b,2216,203.0,,,148.0,1865,0,203,9.16,9.82,
1,2016,4,regular,c,1232,,,,,776,147,150,28.48,28.48,309.0
1,2017,1,regular,a,1185,96.0,89.0,4.0,46.0,815,135,96,18.0,18.82,
1,2017,1,regular,b,2437,209.0,,,161.0,2067,0,209,8.58,9.18,
1,2017,1,regular,c,1304,,,,,858,149,112,25.71,25.71,297.0
1,2017,2,regular,a,1202,96.0,94.0,9.0,54.0,828,121,96,18.41,19.38,
1,2017,2,regular,b,2343,213.0,,,157.0,1973,0,213,9.09,9.74,
1,2017,2,regular,c,1312,,,,,897,131,139,24.05,24.05,284.0
1,2017,3,regular,a,1312,138.0,110.0,8.0,52.0,871,133,138,21.71,22.72,
1,2017,3,regular,b,2427,263.0,,,166.0,1998,0,263,10.84,11.63,
1,2017,3,regular,c,1424,,,,,926,134,133,28.22,28.22,364.0
1,2017,4,regular,a,1190,109.0,98.0,5.0,40.0,816,122,109,19.85,20.62,
1,2017,4,regular,b,2353,237.0,,,167.0,1949,0,237,10.07,10.84,
1,2017,4,regular,c,1349,,,,,845,135,175,30.4,30.4,369.0
1,2018,1,regular,a,1258,94.0,120.0,11.0,46.0,865,122,94,19.81,20.64,
1,2018,1,regular,b,2391,218.0,,,153.0,2020,0,218,9.12,9.74,
1,2018,1,regular,c,1359,,,,,861,146,136,29.02,29.02,352.0
1,2018,2,regular,a,1239,91.0,94.0,10.0,51.0,874,119,91,17.41,18.24,
1,2018,2,regular,b,2346,206.0,,,166.0,1974,0,206,8.78,9.45,
1,2018,2,regular,c,1325,,,,,893,129,129,25.33,25.33,303.0
1,2018,3,regular,a,1262,92.0,129.0,10.0,55.0,868,108,92,20.02,21.02,
1,2018,3,regular,b,2428,229.0,,,155.0,2044,0,229,9.43,10.07,
1,2018,3,regular,c,1343,,,,,864,111,144,29.87,29.87,368.0
1,2018,4,regular,a,1255,108.0,79.0,12.0,39.0,898,119,108,17.52,18.14,
1,2018,4,regular,b,2476,243.0,,,173.0,2060,0,243,9.81,10.55,
1,2018,4,regular,c,1347,,,,,869,162,149,26.67,26.67,316.0
1,2019,1,regular,a,1429,108.0,138.0,8.0,61.0,1006,108,108,19.23,20.16,
1,2019,1,regular,b,2610,224.0,,,184.0,2202,0,224,8.58,9.23,
1,2019,1,regular,c,1457,,,,,970,112,135,27.88,27.88,375.0
1,2019,2,regular,a,1382,106.0,113.0,10.0,47.0,979,127,106,18.25,18.96,
1,2019,2,regular,b,2526,211.0,,,159.0,2156,0,211,8.35,8.91,
1,2019,2,regular,c,1381,,,,,919,117,142,27.29,27.29,345.0
1,2019,3,regular,a,1456,104.0,130.0,7.0,48.0,1022,145,104,18.38,19.08,
1,2019,3,regular,b,2635,228.0,,,174.0,2233,0,228,8.65,9.26,
1,2019,3,regular,c,1513,,,,,926,150,159,32.06,32.06,437.0
1,2019,4,regular,a,1278,87.0,99.0,12.0,57.0,922,101,87,16.82,17.68,
1,2019,4,regular,b,2327,180.0,,,193.0,1954,0,180,7.74,8.43,
1,2019,4,regular,c,1236,,,,,828,106,116,26.73,26.73,302.0
1,2020,1,regular,a,1025,73.0,104.0,26.0,150.0,554,118,73,22.38,26.82,
1,2020,1,regular,b,1881,140.0,,,451.0,1290,0,140,7.44,9.79,
1,2020,1,regular,c,982,,,,,509,97,143,42.49,42.49,376.0
1,2020,2,regular,a,633,43.0,66.0,8.0,46.0,418,52,43,20.14,21.87,
1,2020,2,regular,b,1183,86.0,,,123.0,974,0,86,7.27,8.11,
1,2020,2,regular,c,628,,,,,330,53,87,42.61,42.61,245.0
1,2020,3,regular,a,985,73.0,102.0,5.0,32.0,700,73,73,19.74,20.45,
1,2020,3,regular,b,1860,134.0,,,124.0,1602,0,134,7.2,7.72,
1,2020,3,regular,c,840,,,,,508,73,95,33.77,33.77,259.0
1,2020,4,regular,a,921,69.0,51.0,6.0,38.0,679,78,69,14.95,15.65,
1,2020,4,regular,b,1796,150.0,,,129.0,1517,0,150,8.35,9.0,
1,2020,4,regular,c,718,,,,,487,56,68,26.44,26.44,175.0
1,2021,1,regular,a,1229,105.0,93.0,9.0,54.0,838,130,105,18.84,19.81,
1,2021,1,regular,b,2236,203.0,,,169.0,1864,0,203,9.08,9.82,
1,2021,1,regular,c,1103,,,,,727,118,101,26.19,26.19,258.0
1,2021,2,regular,a,1056,92.0,84.0,10.0,32.0,742,96,92,19.38,20.04,
1,2021,2,regular,b,1962,180.0,,,120.0,1662,0,180,9.17,9.77,
1,2021,2,regular,c,1076,,,,,688,89,112,30.29,30.29,299.0
1,2021,3,regular,a,1253,114.0,97.0,6.0,51.0,859,126,114,19.25,20.17,
1,2021,3,regular,b,2306,206.0,,,154.0,1946,0,206,8.93,9.57,
1,2021,3,regular,c,1143,,,,,737,118,98,28.1,28.1,288.0
1,2021,4,regular,a,1099,84.0,108.0,11.0,45.0,737,114,84,20.61,21.6,
1,2021,4,regular,b,2108,189.0,,,152.0,1767,0,189,8.97,9.66,
1,2021,4,regular,c,1074,,,,,650,116,124,32.15,32.15,308.0
1,2022,1,regular,a,1226,102.0,132.0,6.0,53.0,821,112,102,21.54,22.62,
1,2022,1,regular,b,2378,234.0,,,147.0,1997,0,234,9.84,10.49,
1,2022,1,regular,c,1139,,,,,686,125,104,32.35,32.35,328.0
1,2022,2,regular,a,1079,80.0,102.0,9.0,39.0,727,122,80,19.96,20.81,
1,2022,2,regular,b,2173,198.0,,,149.0,1826,0,198,9.11,9.78,
1,2022,2,regular,c,1041,,,,,643,103,114,31.45,31.45,295.0
1,2022,3,regular,a,1128,94.0,109.0,6.0,51.0,732,136,94,21.07,22.21,
1,2022,3,regular,b,2260,209.0,,,169.0,1882,0,209,9.25,10.0,
1,2022,3,regular,c,1105,,,,,679,140,110,29.64,29.64,286.0
1,2022,4,regular,a,1098,100.0,110.0,9.0,41.0,716,122,100,22.44,23.42,
1,2022,4,regular,b,2151,214.0,,,134.0,1803,0,214,9.95,10.61,
1,2022,4,regular,c,1084,,,,,636,125,147,33.68,33.68,323.0
1,2023,1,regular,a,1190,112.0,113.0,8.0,43.0,784,130,112,21.98,22.91,
1,2023,1,regular,b,2370,236.0,,,138.0,1996,0,236,9.96,10.57,
1,2023,1,regular,c,1149,,,,,701,120,129,31.88,31.88,328.0
1,2023,2,regular,a,1096,94.0,90.0,12.0,47.0,737,116,94,20.0,21.01,
1,2023,2,regular,b,2151,195.0,,,148.0,1808,0,195,9.07,9.74,
1,2023,2,regular,c,1054,,,,,674,119,98,27.91,27.91,261.0
1,2023,3,regular,a,1192,95.0,133.0,4.0,33.0,779,148,95,22.22,22.95,
1,2023,3,regular,b,2252,210.0,,,123.0,1919,0,210,9.33,9.86,
1,2023,3,regular,c,1155,,,,,720,150,112,28.36,28.36,285.0
1,2023,4,regular,a,959,61.0,96.0,10.0,39.0,643,110,61,19.67,20.62,
1,2023,4,regular,b,2031,175.0,,,142.0,1714,0,175,8.62,9.26,
1,2023,4,regular,c,967,,,,,570,142,106,30.91,30.91,255.0
1,2024,1,regular,a,1096,91.0,113.0,6.0,39.0,692,155,91,22.32,23.28,
1,2024,1,regular,b,2172,197.0,,,116.0,1859,0,197,9.07,9.58,
1,2024,1,regular,c,1071,,,,,633,150,101,31.27,31.27,288.0
1,2024,2,regular,a,1062,73.0,83.0,9.0,41.0,698,158,73,18.25,19.12,
1,2024,2,regular,b,2184,174.0,,,165.0,1845,0,174,7.97,8.62,
1,2024,2,regular,c,1058,,,,,619,154,112,31.53,31.53,285.0
1,2024,3,regular,a,1102,83.0,115.0,6.0,43.0,684,171,83,21.91,22.97,
1,2024,3,regular,b,2287,214.0,,,144.0,1929,0,214,9.36,9.99,
1,2024,3,regular,c,1109,,,,,619,178,111,33.51,33.51,312.0
1,2024,4,regular,a,919,66.0,85.0,3.0,43.0,598,124,66,19.37,20.48,
1,2024,4,regular,b,2069,179.0,,,151.0,1739,0,179,8.65,9.33,
1,2024,4,regular,c,949,,,,,545,145,110,32.21,32.21,259.0
1,2025,1,regular,a,1013,74.0,124.0,7.0,45.0,606,157,74,23.95,25.28,
1,2025,1,regular,b,2223,196.0,,,145.0,1882,0,196,8.82,9.43,
1,2025,1,regular,c,986,,,,,558,162,88,32.28,32.28,266.0
1,2025,2,regular,a,877,61.0,76.0,1.0,35.0,584,120,61,18.23,19.11,
1,2025,2,regular,b,2063,172.0,,,112.0,1779,0,172,8.34,8.82,
1,2025,2,regular,c,947,,,,,585,148,89,26.78,26.78,214.0
1,2025,3,regular,a,1010,71.0,104.0,2.0,41.0,628,164,71,20.92,21.99,
1,2025,3,regular,b,2213,180.0,,,143.0,1890,0,180,8.13,8.7,
1,2025,3,regular,c,1048,,,,,617,163,80,30.28,30.28,268.0
4,2003,3,historica,a,1391,129.0,147.0,9.0,34.0,1053,19,129,20.77,21.3,
4,2003,3,historica,b,2192,246.0,,,136.0,1810,0,246,11.22,11.96,
4,2003,3,historica,c,1113,,,,,760,15,105,30.78,30.78,338.0
4,2003,4,historica,a,1368,151.0,150.0,11.0,41.0,994,21,151,23.16,23.89,
4,2003,4,historica,b,2224,263.0,,,143.0,1818,0,263,11.83,12.64,
4,2003,4,historica,c,1118,,,,,738,16,113,33.03,33.03,364.0
4,2004,1,historica,a,1281,143.0,136.0,6.0,41.0,932,23,143,22.66,23.42,
4,2004,1,historica,b,2103,282.0,,,131.0,1690,0,282,13.41,14.3,
4,2004,1,historica,c,1084,,,,,696,24,127,34.34,34.34,364.0
4,2004,2,historica,a,1344,169.0,167.0,4.0,49.0,934,21,169,25.7,26.69,
4,2004,2,historica,b,2194,288.0,,,136.0,1770,0,288,13.13,13.99,
4,2004,2,historica,c,1138,,,,,722,14,148,35.77,35.77,402.0
4,2004,3,historica,a,1401,167.0,156.0,9.0,46.0,1005,18,167,24.01,24.83,
4,2004,3,historica,b,2224,305.0,,,131.0,1788,0,305,13.71,14.57,
4,2004,3,historica,c,1166,,,,,768,17,120,33.16,33.16,381.0
4,2004,4,historica,a,1339,162.0,117.0,9.0,44.0,990,17,162,21.79,22.54,
4,2004,4,historica,b,2144,298.0,,,120.0,1726,0,298,13.9,14.72,
4,2004,4,historica,c,1169,,,,,809,14,139,29.96,29.96,346.0
4,2005,1,historica,a,1336,157.0,116.0,7.0,55.0,985,16,157,21.21,22.13,
4,2005,1,historica,b,2075,290.0,,,132.0,1653,0,290,13.98,14.93,
4,2005,1,historica,c,1182,,,,,798,14,151,31.68,31.68,370.0
4,2005,2,historica,a,1321,167.0,131.0,7.0,42.0,954,20,167,23.44,24.23,
4,2005,2,historica,b,2106,286.0,,,138.0,1682,0,286,13.58,14.53,
4,2005,2,historica,c,1201,,,,,808,15,164,31.87,31.87,378.0
4,2005,3,historica,a,1316,202.0,127.0,8.0,56.0,909,14,202,25.88,27.05,
4,2005,3,historica,b,2071,313.0,,,117.0,1641,0,313,15.11,16.02,
4,2005,3,historica,c,1199,,,,,800,17,159,32.32,32.32,382.0
4,2005,4,historica,a,1322,216.0,134.0,10.0,69.0,877,16,216,27.57,29.1,
4,2005,4,historica,b,2049,342.0,,,135.0,1572,0,342,16.69,17.87,
4,2005,4,historica,c,1198,,,,,781,19,173,33.76,33.76,398.0
4,2006,1,historica,a,1238,179.0,131.0,15.0,67.0,834,12,179,26.51,28.04,
4,2006,1,historica,b,1868,296.0,,,146.0,1426,0,296,15.85,17.19,
4,2006,1,historica,c,1100,,,,,726,13,160,33.21,33.21,361.0
4,2006,2,historica,a,1267,171.0,132.0,13.0,70.0,871,10,171,25.14,26.62,
4,2006,2,historica,b,1959,280.0,,,162.0,1517,0,280,14.29,15.58,
4,2006,2,historica,c,1167,,,,,790,9,136,31.78,31.78,368.0
4,2006,4,historica,a,1498,226.0,159.0,16.0,73.0,999,25,226,27.22,28.64,
4,2006,4,historica,b,2419,374.0,,,188.0,1857,0,374,15.46,16.76,
4,2006,4,historica,c,1494,,,,,996,23,187,32.29,32.29,475.0
4,2007,1,historica,a,1577,265.0,141.0,16.0,77.0,1065,13,265,26.98,28.38,
4,2007,1,historica,b,2443,421.0,,,188.0,1834,0,421,17.23,18.67,
4,2007,1,historica,c,1509,,,,,1003,18,208,32.73,32.73,488.0
4,2007,2,historica,a,1533,239.0,163.0,20.0,67.0,1034,10,239,27.71,28.98,
4,2007,2,historica,b,2359,404.0,,,183.0,1772,0,404,17.13,18.57,
4,2007,2,historica,c,1563,,,,,1036,12,213,33.2,33.2,515.0
4,2007,4,historica,a,1433,251.0,146.0,16.0,72.0,940,8,251,28.98,30.52,
4,2007,4,historica,b,2273,413.0,,,181.0,1679,0,413,18.17,19.74,
4,2007,4,historica,c,1528,,,,,1019,16,236,32.61,32.61,493.0
4,2008,1,historica,a,1412,233.0,141.0,18.0,73.0,929,18,233,28.12,29.67,
4,2008,1,historica,b,2207,375.0,,,182.0,1650,0,375,16.99,18.52,
4,2008,1,historica,c,1486,,,,,998,20,238,31.92,31.92,468.0
4,2008,2,historica,a,1394,214.0,145.0,9.0,79.0,929,18,214,26.74,28.37,
4,2008,2,historica,b,2230,347.0,,,189.0,1694,0,347,15.56,17.0,
4,2008,2,historica,c,1415,,,,,907,15,222,35.21,35.21,493.0
4,2008,3,historica,a,1456,199.0,124.0,14.0,76.0,1025,18,199,23.44,24.74,
4,2008,3,historica,b,2288,319.0,,,179.0,1790,0,319,13.94,15.13,
4,2008,3,historica,c,1471,,,,,1012,11,205,30.68,30.68,448.0
4,2008,4,historica,a,1394,210.0,140.0,12.0,80.0,938,14,210,26.23,27.85,
4,2008,4,historica,b,2237,328.0,,,192.0,1717,0,328,14.66,16.04,
4,2008,4,historica,c,1526,,,,,1034,12,221,31.7,31.7,480.0
4,2009,1,historica,a,1414,210.0,149.0,18.0,76.0,943,18,210,27.01,28.56,
4,2009,1,historica,b,2169,344.0,,,181.0,1644,0,344,15.86,17.3,
4,2009,1,historica,c,1522,,,,,1028,16,227,31.74,31.74,478.0
4,2009,2,historica,a,1408,191.0,162.0,6.0,72.0,967,10,191,25.68,27.07,
4,2009,2,historica,b,2182,322.0,,,182.0,1678,0,322,14.76,16.1,
4,2009,2,historica,c,1574,,,,,1038,12,248,33.55,33.55,524.0
4,2009,3,historica,a,1449,184.0,147.0,15.0,84.0,1007,12,184,24.08,25.57,
4,2009,3,historica,b,2193,316.0,,,190.0,1687,0,316,14.41,15.78,
4,2009,3,historica,c,1519,,,,,1045,7,205,30.89,30.89,467.0
4,2009,4,historica,a,1300,201.0,134.0,8.0,68.0,877,12,201,26.63,28.11,
4,2009,4,historica,b,2080,334.0,,,172.0,1574,0,334,16.06,17.51,
4,2009,4,historica,c,1472,,,,,1004,15,198,31.09,31.09,453.0
4,2010,1,historica,a,1379,211.0,158.0,21.0,70.0,909,10,211,28.49,30.02,
4,2010,1,historica,b,2144,330.0,,,190.0,1624,0,330,15.39,16.89,
4,2010,1,historica,c,1563,,,,,1026,11,242,33.89,33.89,526.0
4,2010,2,historica,a,1370,209.0,144.0,17.0,70.0,921,9,209,27.19,28.66,
4,2010,2,historica,b,2208,344.0,,,168.0,1696,0,344,15.58,16.86,
4,2010,2,historica,c,1492,,,,,1006,9,187,32.16,32.16,477.0
4,2010,3,historica,a,1356,228.0,127.0,16.0,58.0,920,7,228,27.5,28.74,
4,2010,3,historica,b,2129,375.0,,,143.0,1611,0,375,17.61,18.88,
4,2010,3,historica,c,1527,,,,,1017,9,214,33.0,33.0,501.0
4,2010,4,historica,a,1285,214.0,132.0,11.0,84.0,840,4,214,27.87,29.82,
4,2010,4,historica,b,2037,352.0,,,187.0,1498,0,352,17.28,19.03,
4,2010,4,historica,c,1453,,,,,918,5,236,36.6,36.6,530.0
4,2011,1,historica,a,1256,192.0,113.0,19.0,58.0,858,16,192,26.13,27.41,
4,2011,1,historica,b,1979,315.0,,,154.0,1510,0,315,15.92,17.26,
4,2011,1,historica,c,1491,,,,,994,18,229,32.52,32.52,479.0
4,2011,2,historica,a,1368,186.0,139.0,21.0,62.0,952,8,186,25.44,26.66,
4,2011,2,historica,b,2121,313.0,,,183.0,1625,0,313,14.76,16.15,
4,2011,2,historica,c,1616,,,,,1020,11,267,36.45,36.45,585.0
4,2011,3,historica,a,1361,182.0,155.0,22.0,70.0,920,12,182,26.61,28.07,
4,2011,3,historica,b,2109,298.0,,,191.0,1620,0,298,14.13,15.54,
4,2011,3,historica,c,1548,,,,,975,13,252,36.48,36.48,560.0
4,2011,4,historica,a,1343,189.0,172.0,13.0,66.0,900,3,189,27.91,29.36,
4,2011,4,historica,b,2161,326.0,,,181.0,1654,0,326,15.09,16.46,
4,2011,4,historica,c,1450,,,,,959,4,208,33.68,33.68,487.0
4,2012,1,historica,a,1233,179.0,132.0,11.0,66.0,835,10,179,26.33,27.83,
4,2012,1,historica,b,1981,302.0,,,174.0,1505,0,302,15.24,16.71,
4,2012,1,historica,c,1398,,,,,934,9,228,32.76,32.76,455.0
4,2012,2,historica,a,1242,175.0,137.0,12.0,62.0,844,12,175,26.34,27.74,
4,2012,2,historica,b,2041,288.0,,,167.0,1586,0,288,14.11,15.37,
4,2012,2,historica,c,1402,,,,,883,9,223,36.61,36.61,510.0
4,2012,3,historica,a,1248,180.0,142.0,14.0,64.0,840,8,180,27.1,28.57,
4,2012,3,historica,b,1991,292.0,,,171.0,1528,0,292,14.67,16.04,
4,2012,3,historica,c,1331,,,,,839,10,217,36.49,36.49,482.0
4,2012,4,historica,a,1199,191.0,161.0,11.0,62.0,768,6,191,30.43,32.1,
4,2012,4,historica,b,1931,309.0,,,186.0,1436,0,309,16.0,17.71,
4,2012,4,historica,c,1290,,,,,812,10,226,36.56,36.56,468.0
4,2013,4,historica,a,1315,189.0,123.0,19.0,62.0,915,7,189,25.31,26.57,
4,2013,4,historica,b,2076,309.0,,,180.0,1587,0,309,14.88,16.3,
4,2013,4,historica,c,1485,,,,,908,7,255,38.57,38.57,570.0
4,2014,1,historica,a,1347,186.0,153.0,14.0,72.0,913,9,186,26.38,27.88,
4,2014,1,historica,b,2123,308.0,,,202.0,1613,0,308,14.51,16.03,
4,2014,1,historica,c,1492,,,,,942,11,253,36.39,36.39,539.0
4,2014,2,historica,a,1349,188.0,170.0,22.0,72.0,889,8,188,28.34,29.94,
4,2014,2,historica,b,2093,294.0,,,198.0,1601,0,294,14.05,15.51,
4,2014,2,historica,c,1466,,,,,893,10,249,38.67,38.67,563.0
4,2016,2,regular,a,1125,146.0,95.0,15.0,59.0,662,148,146,26.2,27.89,
4,2016,2,regular,b,2138,294.0,,,198.0,1646,0,294,13.75,15.15,
4,2016,2,regular,c,1244,,,,,747,160,175,31.09,31.09,337.0
4,2016,3,regular,a,1056,142.0,98.0,10.0,41.0,652,113,142,26.51,27.72,
4,2016,3,regular,b,2108,288.0,,,175.0,1645,0,288,13.66,14.9,
4,2016,3,regular,c,1167,,,,,746,143,129,27.15,27.15,278.0
4,2016,4,regular,a,1023,149.0,79.0,11.0,52.0,624,108,149,26.12,27.69,
4,2016,4,regular,b,2038,298.0,,,174.0,1566,0,298,14.62,15.99,
4,2016,4,regular,c,1149,,,,,699,126,140,31.67,31.67,324.0
4,2017,1,regular,a,1079,148.0,75.0,6.0,67.0,675,108,148,23.58,25.33,
4,2017,1,regular,b,2182,300.0,,,197.0,1685,0,300,13.75,15.11,
4,2017,1,regular,c,1187,,,,,728,145,150,30.13,30.13,314.0
4,2017,2,regular,a,1144,153.0,93.0,12.0,47.0,743,96,153,24.62,25.77,
4,2017,2,regular,b,2197,300.0,,,181.0,1716,0,300,13.65,14.88,
4,2017,2,regular,c,1223,,,,,746,126,153,32.0,32.0,351.0
4,2017,3,regular,a,1167,155.0,77.0,12.0,63.0,753,107,155,23.02,24.47,
4,2017,3,regular,b,2170,301.0,,,191.0,1678,0,301,13.87,15.21,
4,2017,3,regular,c,1284,,,,,802,117,162,31.28,31.28,365.0
4,2017,4,regular,a,1130,131.0,116.0,13.0,60.0,707,103,131,25.32,26.89,
4,2017,4,regular,b,2185,253.0,,,217.0,1715,0,253,11.58,12.86,
4,2017,4,regular,c,1295,,,,,816,109,153,31.2,31.2,370.0
4,2018,1,regular,a,1110,119.0,82.0,12.0,50.0,736,111,119,21.32,22.44,
4,2018,1,regular,b,2157,267.0,,,199.0,1691,0,267,12.38,13.64,
4,2018,1,regular,c,1166,,,,,724,134,141,29.84,29.84,308.0
4,2018,2,regular,a,1128,123.0,95.0,10.0,60.0,758,82,123,21.8,23.12,
4,2018,2,regular,b,2171,254.0,,,180.0,1737,0,254,11.7,12.76,
4,2018,2,regular,c,1183,,,,,771,98,125,28.94,28.94,314.0
4,2018,3,regular,a,1153,127.0,80.0,8.0,47.0,781,110,127,20.61,21.59,
4,2018,3,regular,b,2183,250.0,,,189.0,1744,0,250,11.45,12.54,
4,2018,3,regular,c,1208,,,,,764,108,146,30.55,30.55,336.0
4,2018,4,regular,a,1153,135.0,90.0,9.0,50.0,765,104,135,22.31,23.42,
4,2018,4,regular,b,2220,266.0,,,187.0,1767,0,266,11.98,13.08,
4,2018,4,regular,c,1224,,,,,743,114,151,33.06,33.06,367.0
4,2019,1,regular,a,1118,125.0,88.0,19.0,56.0,731,99,125,22.77,24.09,
4,2019,1,regular,b,2062,233.0,,,207.0,1622,0,233,11.3,12.56,
4,2019,1,regular,c,1110,,,,,684,107,105,31.8,31.8,319.0
4,2019,2,regular,a,989,100.0,111.0,34.0,129.0,516,99,100,27.53,32.19,
4,2019,2,regular,b,1793,206.0,,,432.0,1155,0,206,11.49,15.14,
4,2019,2,regular,c,1004,,,,,499,115,136,43.87,43.87,390.0
4,2019,3,regular,a,1033,94.0,130.0,28.0,79.0,603,99,94,26.98,29.47,
4,2019,3,regular,b,1865,175.0,,,280.0,1410,0,175,9.38,11.04,
4,2019,3,regular,c,1025,,,,,504,99,137,45.57,45.57,422.0
4,2019,4,regular,a,1120,110.0,119.0,27.0,75.0,680,109,110,25.32,27.35,
4,2019,4,regular,b,2003,213.0,,,256.0,1534,0,213,10.63,12.19,
4,2019,4,regular,c,1036,,,,,532,105,146,42.86,42.86,399.0
4,2020,1,regular,a,1104,96.0,94.0,11.0,46.0,747,110,96,20.22,21.2,
4,2020,1,regular,b,2001,197.0,,,208.0,1596,0,197,9.85,10.99,
4,2020,1,regular,c,1048,,,,,629,98,144,33.79,33.79,321.0
4,2020,2,regular,a,625,77.0,41.0,3.0,26.0,423,55,77,21.23,22.24,
4,2020,2,regular,b,1152,140.0,,,76.0,936,0,140,12.15,13.01,
4,2020,2,regular,c,575,,,,,377,55,60,27.5,27.5,143.0
4,2020,3,regular,a,859,100.0,62.0,3.0,41.0,579,74,100,21.02,22.18,
4,2020,3,regular,b,1570,194.0,,,128.0,1248,0,194,12.36,13.45,
4,2020,3,regular,c,699,,,,,452,67,77,28.48,28.48,180.0
4,2020,4,regular,a,930,109.0,81.0,9.0,30.0,603,98,109,23.92,24.81,
4,2020,4,regular,b,1731,212.0,,,133.0,1386,0,212,12.25,13.27,
4,2020,4,regular,c,723,,,,,449,96,63,28.39,28.39,178.0
4,2021,1,regular,a,994,118.0,88.0,6.0,47.0,637,98,118,23.66,24.97,
4,2021,1,regular,b,1810,226.0,,,169.0,1415,0,226,12.49,13.77,
4,2021,1,regular,c,862,,,,,518,90,95,32.9,32.9,254.0
4,2021,2,regular,a,930,118.0,98.0,7.0,44.0,587,76,118,26.11,27.53,
4,2021,2,regular,b,1836,255.0,,,163.0,1418,0,255,13.89,15.24,
4,2021,2,regular,c,943,,,,,510,86,123,40.49,40.49,347.0
4,2021,3,regular,a,1013,142.0,101.0,12.0,45.0,600,113,142,28.33,29.82,
4,2021,3,regular,b,1890,247.0,,,190.0,1453,0,247,13.07,14.53,
4,2021,3,regular,c,940,,,,,518,122,126,36.67,36.67,300.0
4,2021,4,regular,a,992,124.0,93.0,7.0,63.0,593,112,124,25.45,27.42,
4,2021,4,regular,b,1918,262.0,,,158.0,1498,0,262,13.66,14.89,
4,2021,4,regular,c,958,,,,,555,92,136,35.91,35.91,311.0
4,2022,1,regular,a,1104,136.0,92.0,18.0,44.0,706,108,136,24.7,25.84,
4,2022,1,regular,b,2128,284.0,,,162.0,1682,0,284,13.35,14.45,
4,2022,1,regular,c,1019,,,,,609,121,128,32.18,32.18,289.0
4,2022,2,regular,a,1126,152.0,102.0,8.0,52.0,681,131,152,26.33,27.78,
4,2022,2,regular,b,2193,306.0,,,163.0,1724,0,306,13.95,15.07,
4,2022,2,regular,c,1084,,,,,592,159,130,36.0,36.0,333.0
4,2022,3,regular,a,1100,146.0,70.0,9.0,39.0,701,135,146,23.32,24.3,
4,2022,3,regular,b,2114,292.0,,,149.0,1673,0,292,13.81,14.86,
4,2022,3,regular,c,1053,,,,,634,134,131,31.01,31.01,285.0
4,2022,4,regular,a,1074,143.0,112.0,6.0,45.0,632,136,143,27.83,29.23,
4,2022,4,regular,b,2117,307.0,,,157.0,1653,0,307,14.5,15.66,
4,2022,4,regular,c,1135,,,,,639,173,151,33.58,33.58,323.0
4,2023,1,regular,a,932,109.0,89.0,11.0,47.0,541,135,109,26.22,27.87,
4,2023,1,regular,b,1905,236.0,,,175.0,1494,0,236,12.39,13.64,
4,2023,1,regular,c,903,,,,,510,132,113,33.85,33.85,261.0
4,2023,2,regular,a,1019,115.0,101.0,10.0,47.0,635,111,115,24.89,26.25,
4,2023,2,regular,b,2000,253.0,,,163.0,1584,0,253,12.65,13.77,
4,2023,2,regular,c,988,,,,,567,125,120,34.3,34.3,296.0
4,2023,3,regular,a,994,104.0,91.0,10.0,48.0,600,141,104,24.03,25.47,
4,2023,3,regular,b,1955,244.0,,,169.0,1542,0,244,12.48,13.66,
4,2023,3,regular,c,964,,,,,529,158,98,34.37,34.37,277.0
4,2023,4,regular,a,892,96.0,73.0,6.0,45.0,514,158,96,23.84,25.4,
4,2023,4,regular,b,1893,230.0,,,171.0,1492,0,230,12.15,13.36,
4,2023,4,regular,c,932,,,,,496,175,94,34.48,34.48,261.0
4,2024,1,regular,a,1002,106.0,90.0,3.0,48.0,587,168,106,23.86,25.32,
4,2024,1,regular,b,1988,235.0,,,169.0,1584,0,235,11.82,12.92,
4,2024,1,regular,c,978,,,,,523,167,125,35.51,35.51,288.0
4,2024,2,regular,a,1013,98.0,141.0,12.0,49.0,536,177,98,30.02,31.89,
4,2024,2,regular,b,2065,238.0,,,186.0,1641,0,238,11.53,12.67,
4,2024,2,regular,c,980,,,,,484,188,108,38.89,38.89,308.0
4,2024,3,regular,a,997,92.0,105.0,7.0,53.0,586,154,92,24.2,25.82,
4,2024,3,regular,b,2055,236.0,,,180.0,1639,0,236,11.48,12.59,
4,2024,3,regular,c,1025,,,,,535,171,115,37.35,37.35,319.0
4,2024,4,regular,a,927,71.0,105.0,5.0,52.0,562,132,71,22.77,24.36,
4,2024,4,regular,b,2031,220.0,,,173.0,1638,0,220,10.83,11.84,
4,2024,4,regular,c,1001,,,,,549,144,107,35.94,35.94,308.0
