definicion,h,decil,tasa_con_deficit,tasa_sin_deficit,diferencia,diferencia_ic95_low,diferencia_ic95_high,n_con_deficit,n_sin_deficit,n_clusters
a,1,1,7.25,12.98,-5.73,-6.47,-5.13,8566,30592,33197
a,1,2,11.38,18.42,-7.04,-8.28,-5.98,3330,25779,26746
a,1,3,17.43,27.29,-9.86,-12.01,-7.71,1440,19663,19978
a,1,4,26.14,39.81,-13.67,-17.32,-10.31,681,14614,14653
b,1,1,5.73,7.68,-1.95,-2.46,-1.34,8844,32365,34877
b,1,2,7.75,8.95,-1.2,-2.04,-0.11,3407,27115,28017
b,1,3,8.26,9.93,-1.67,-3.28,0.01,1501,20750,21046
b,1,4,7.81,10.45,-2.64,-4.56,-0.77,704,15422,15437
b,1,5,7.21,10.18,-2.97,-5.47,-0.57,430,12254,12270
b,1,6,9.09,10.82,-1.73,-4.42,2.41,319,11551,11479
b,1,7,7.01,10.73,-3.72,-6.92,-0.07,214,10083,9961
b,1,8,10.42,10.57,-0.16,-4.46,6.07,144,9071,8864
b,1,9,10.99,11.46,-0.47,-7.16,5.43,91,8156,7839
b,1,10,8.62,10.73,-2.11,-8.27,5.79,58,8426,7553
c,1,1,8.76,21.87,-13.11,-13.81,-12.49,10953,42357,44499
c,1,2,26.81,42.91,-16.1,-17.42,-14.8,5609,47392,47829
a,4,1,10.78,18.12,-7.34,-8.31,-6.54,6678,25014,25432
a,4,2,16.2,23.9,-7.7,-9.46,-6.14,2685,20834,20903
a,4,3,22.23,32.85,-10.62,-13.35,-8.13,1111,15932,15660
a,4,4,31.68,44.03,-12.35,-16.23,-7.96,524,11690,11499
b,4,1,8.81,12.09,-3.28,-4.04,-2.52,6914,26440,26660
b,4,2,12.38,13.37,-0.99,-2.33,0.43,2762,21921,21879
b,4,3,13.62,14.79,-1.17,-3.4,0.99,1145,16902,16572
b,4,4,12.01,15.72,-3.7,-6.67,-0.69,541,12373,12148
b,4,5,11.95,15.2,-3.25,-7.36,0.79,293,9871,9642
b,4,6,11.57,15.69,-4.12,-8.04,0.3,216,9280,9000
b,4,7,10.65,14.88,-4.23,-8.63,1.07,169,8098,7799
b,4,8,10.81,14.88,-4.07,-9.85,2.22,111,7164,6811
b,4,9,11.11,15.24,-4.13,-12.08,4.95,63,6503,6062
b,4,10,16.36,14.0,2.36,-9.37,14.58,55,6863,5922
c,4,1,10.0,26.21,-16.21,-16.99,-15.31,8526,34292,33914
c,4,2,27.0,46.43,-19.43,-20.75,-18.03,4400,38146,37228
