decil_ratio_lp_t,n_pares,ratio_lp_t_mediana,variacion_simetrica_media,variacion_log_media
1,22321,0.41069439139713704,0.38830899002474606,0.38985829378026327
2,22320,0.7039984282893121,0.09193149321054395,0.10672238893253791
3,22321,0.9481174338253537,0.033259184423628366,0.041818752216586715
4,22320,1.1865644726331788,1.1454389390236632e-05,0.006887411964675968
5,22321,1.4460918270892509,-0.016941899997977038,-0.013682345958950825
6,22320,1.7337658804517195,-0.03384114186151253,-0.030805469953527793
7,22322,2.094613362195937,-0.06540154847881043,-0.06410693920740801
8,22319,2.6112466091311997,-0.11108606094253583,-0.11346614592755389
9,22320,3.4289095664115545,-0.144374273085479,-0.14796998128339003
10,22321,5.471057566212788,-0.2544375370294295,-0.2738829656374698
