ANO4_t,TRIMESTRE_t,n_pares,mediana_variacion_simetrica,mediana_variacion_log,pct_mejora,pct_estable,pct_empeora,mediana_variacion_si_mejora,mediana_variacion_si_empeora
2016,2,7777,0.04568058791266647,0.045688533934879094,29.291500578629293,15.46868972611547,22.000771505722,0.37096591972872484,-0.32543006868067037
2016,3,7836,0.06871662574559702,0.06986676415830417,31.13833588565595,13.83358856559469,21.516079632465544,0.3829996095007734,-0.36070753058391214
2016,4,7519,0.03956820949729644,0.039573373184878635,29.36560712860753,15.494081659795187,22.170501396462296,0.37941956663227855,-0.3170538875740542
2017,1,7594,-0.0004104143960991146,-0.0013878353830210077,26.90281801422175,14.590466157492758,26.07321569660258,0.38464644549982285,-0.32954965116557844
2017,2,7708,-0.03697352505282182,-0.03554660026883161,25.194603009859883,16.087182148417227,29.047742605085624,0.361867608921917,-0.3440063585387374
2017,3,7574,-0.12120068468179583,-0.12114940944807306,21.90388170055453,13.440718246633217,36.08397148138368,0.34788381075540736,-0.3565206855131649
2017,4,7660,-0.21495396526562183,-0.21839085312933082,15.352480417754569,10.861618798955613,45.639686684073105,0.3660240016984828,-0.3851183796612213
2018,1,7547,-0.2184060523230937,-0.22049795650559478,15.8076056711276,10.759242082946868,44.388498741221674,0.3450524500904933,-0.39703518197075693
2018,2,7572,-0.1823926741862623,-0.18222311548149864,16.904384574749077,12.427363972530376,44.71737982039091,0.34851146088909957,-0.38045348785446675
2018,3,7330,-0.10168136763691277,-0.10371008788213798,22.196452933151434,14.174624829467941,37.23055934515689,0.35197413390753823,-0.3829638413694791
2018,4,7518,-0.042126425560489,-0.04413729416545037,24.940143655227452,16.21441872838521,32.86778398510242,0.3475737648463842,-0.3396363849512334
2019,1,6953,0.0005624502223931384,0.0005624502372207907,29.267941895584638,14.497339278009491,29.28232417661441,0.3635221102737747,-0.3630708599696626
2019,2,5877,-0.07511765691396186,-0.070793636572689,26.2378764675855,13.850604049685215,35.90267143100221,0.3365888419167963,-0.4072049330234905
2019,3,6185,-0.05334136154662107,-0.04919171794587829,28.455941794664515,14.324979789814066,31.721907841552145,0.37438457731808095,-0.37436858080611685
2019,4,6542,-0.07977046455172185,-0.07961932773800448,25.191073066340568,14.353408743503515,34.85172730051972,0.340991414092699,-0.36242625398023154
2020,1,6382,-0.15925457631647952,-0.15985035749634757,20.526480727044813,12.754622375430898,40.59855844562833,0.3681166322887999,-0.3790754481162092
2020,2,4309,-0.11241443962995908,-0.11259946670954109,24.390809932699,13.599443026224181,39.777210489672775,0.3950186306842984,-0.36400804756536154
2020,3,5078,-0.09298511542510102,-0.0930522000219417,24.34029145332808,13.824340291453327,37.298148877510826,0.36207462931463075,-0.39460860993058655
2020,4,5580,0.04502277768263513,0.04658745978523282,30.663082437275985,15.3584229390681,26.111111111111114,0.3813183758618879,-0.3271401139585612
2021,1,5861,0.10017934981784811,0.10026325868180397,33.49257805835182,15.15099812318717,23.869646817949157,0.3847811195424892,-0.34055933404523125
2021,2,6195,0.06057906404589034,0.06059760045431095,31.557707828894273,14.979822437449556,24.64891041162228,0.37630574550388496,-0.3301967511993537
2021,3,6213,-0.006149064742218827,-0.007380491409156087,26.25140833735715,13.648800901335909,30.114276516980524,0.39219224073366127,-0.3684987279563504
2021,4,6519,-0.09579639595973315,-0.09464118712627301,20.662678324896454,13.452983586439638,34.483816536278574,0.37330961797432727,-0.3756006580525433
2022,1,6928,-0.09436504576714043,-0.09452732426126395,20.799653579676676,13.062933025404158,34.930715935334874,0.3531950914524949,-0.3907699465974116
2022,2,7006,-0.062357909722897856,-0.06607499000572115,22.966029117898945,13.94518983728233,31.458749643163003,0.33756963891292363,-0.36175739350771924
2022,3,6837,-0.042918988762492206,-0.04115835289184605,23.519087318999564,12.300716688606114,31.724440544098286,0.3607334688018567,-0.3822535811233759
2022,4,6794,-0.1269144074946061,-0.1274234585913087,19.958787165145715,11.922284368560494,34.309685016190755,0.3574184790480458,-0.3719259273669863
2023,1,6268,-0.31961486015287344,-0.3179166276456027,11.997447351627313,7.913209955328654,47.20804084237396,0.34941656221800105,-0.5000332264982117
2023,2,6470,-0.21483702408093944,-0.21323968437327853,14.837712519319938,11.020092735703246,42.87480680061824,0.34584334806995876,-0.44344068477053333
2023,3,6411,-0.031857813324383685,-0.0318605081630271,23.83403525191078,12.30697239120262,28.326314147558882,0.3838066164112377,-0.4096700945446251
2023,4,6191,0.1094005017186555,0.10880948841910743,31.933451784848977,11.904377321918915,20.125989339363592,0.3973409181790869,-0.3542437856870705
2024,1,6452,0.3798281340827059,0.38360690766804806,47.566646001239924,7.021078735275883,9.314941103533787,0.5388480688684966,-0.334202973512833
2024,2,6676,0.3073946364744985,0.31535269141706224,46.06051527860995,7.819053325344518,10.260635110844818,0.48841034152069773,-0.33791971637065815
2024,3,6673,0.20418313504098332,0.20636973784036644,38.04885358909036,10.280233777910984,14.7010340176832,0.45273767578847063,-0.3530465612028006
2024,4,6658,0.08395210015265835,0.08714365085912378,31.405827575848605,13.202162811655151,18.48903574647041,0.38541318134899744,-0.3327515084683698
