anio,trimestre,gini_indec,serie_id,fuente,url,fecha_consulta,verificado_informe_prensa
2003,3,0.534,65.1_CGI_0_0_21,"INDEC (EPH continua, total aglomerados urbanos), via API Series de Tiempo de datos.gob.ar",https://apis.datos.gob.ar/series/api/series/?ids=65.1_CGI_0_0_21&limit=5000&format=json,2026-10-03,False
2003,4,0.525,65.1_CGI_0_0_21,"INDEC (EPH continua, total aglomerados urbanos), via API Series de Tiempo de datos.gob.ar",https://apis.datos.gob.ar/series/api/series/?ids=65.1_CGI_0_0_21&limit=5000&format=json,2026-10-03,False
2004,1,0.512,65.1_CGI_0_0_21,"INDEC (EPH continua, total aglomerados urbanos), via API Series de Tiempo de datos.gob.ar",https://apis.datos.gob.ar/series/api/series/?ids=65.1_CGI_0_0_21&limit=5000&format=json,2026-10-03,False
2004,2,0.513,65.1_CGI_0_0_21,"INDEC (EPH continua, total aglomerados urbanos), via API Series de Tiempo de datos.gob.ar",https://apis.datos.gob.ar/series/api/series/?ids=65.1_CGI_0_0_21&limit=5000&format=json,2026-10-03,False
2004,3,0.502,65.1_CGI_0_0_21,"INDEC (EPH continua, total aglomerados urbanos), via API Series de Tiempo de datos.gob.ar",https://apis.datos.gob.ar/series/api/series/?ids=65.1_CGI_0_0_21&limit=5000&format=json,2026-10-03,False
2004,4,0.494,65.1_CGI_0_0_21,"INDEC (EPH continua, total aglomerados urbanos), via API Series de Tiempo de datos.gob.ar",https://apis.datos.gob.ar/series/api/series/?ids=65.1_CGI_0_0_21&limit=5000&format=json,2026-10-03,False
2005,1,0.496,65.1_CGI_0_0_21,"INDEC (EPH continua, total aglomerados urbanos), via API Series de Tiempo de datos.gob.ar",https://apis.datos.gob.ar/series/api/series/?ids=65.1_CGI_0_0_21&limit=5000&format=json,2026-10-03,False
2005,2,0.487,65.1_CGI_0_0_21,"INDEC (EPH continua, total aglomerados urbanos), via API Series de Tiempo de datos.gob.ar",https://apis.datos.gob.ar/series/api/series/?ids=65.1_CGI_0_0_21&limit=5000&format=json,2026-10-03,False
2005,3,0.5,65.1_CGI_0_0_21,"INDEC (EPH continua, total aglomerados urbanos), via API Series de Tiempo de datos.gob.ar",https://apis.datos.gob.ar/series/api/series/?ids=65.1_CGI_0_0_21&limit=5000&format=json,2026-10-03,False
2005,4,0.475,65.1_CGI_0_0_21,"INDEC (EPH continua, total aglomerados urbanos), via API Series de Tiempo de datos.gob.ar",https://apis.datos.gob.ar/series/api/series/?ids=65.1_CGI_0_0_21&limit=5000&format=json,2026-10-03,False
2006,1,0.489,65.1_CGI_0_0_21,"INDEC (EPH continua, total aglomerados urbanos), via API Series de Tiempo de datos.gob.ar",https://apis.datos.gob.ar/series/api/series/?ids=65.1_CGI_0_0_21&limit=5000&format=json,2026-10-03,False
2006,2,0.473,65.1_CGI_0_0_21,"INDEC (EPH continua, total aglomerados urbanos), via API Series de Tiempo de datos.gob.ar",https://apis.datos.gob.ar/series/api/series/?ids=65.1_CGI_0_0_21&limit=5000&format=json,2026-10-03,False
2006,3,0.476,65.1_CGI_0_0_21,"INDEC (EPH continua, total aglomerados urbanos), via API Series de Tiempo de datos.gob.ar",https://apis.datos.gob.ar/series/api/series/?ids=65.1_CGI_0_0_21&limit=5000&format=json,2026-10-03,False
2006,4,0.485,65.1_CGI_0_0_21,"INDEC (EPH continua, total aglomerados urbanos), via API Series de Tiempo de datos.gob.ar",https://apis.datos.gob.ar/series/api/series/?ids=65.1_CGI_0_0_21&limit=5000&format=json,2026-10-03,False
2007,1,0.476,65.1_CGI_0_0_21,"INDEC (EPH continua, total aglomerados urbanos), via API Series de Tiempo de datos.gob.ar",https://apis.datos.gob.ar/series/api/series/?ids=65.1_CGI_0_0_21&limit=5000&format=json,2026-10-03,False
2007,2,0.46,65.1_CGI_0_0_21,"INDEC (EPH continua, total aglomerados urbanos), via API Series de Tiempo de datos.gob.ar",https://apis.datos.gob.ar/series/api/series/?ids=65.1_CGI_0_0_21&limit=5000&format=json,2026-10-03,False
2007,4,0.472,65.1_CGI_0_0_21,"INDEC (EPH continua, total aglomerados urbanos), via API Series de Tiempo de datos.gob.ar",https://apis.datos.gob.ar/series/api/series/?ids=65.1_CGI_0_0_21&limit=5000&format=json,2026-10-03,False
2008,1,0.463,65.1_CGI_0_0_21,"INDEC (EPH continua, total aglomerados urbanos), via API Series de Tiempo de datos.gob.ar",https://apis.datos.gob.ar/series/api/series/?ids=65.1_CGI_0_0_21&limit=5000&format=json,2026-10-03,False
2008,2,0.45,65.1_CGI_0_0_21,"INDEC (EPH continua, total aglomerados urbanos), via API Series de Tiempo de datos.gob.ar",https://apis.datos.gob.ar/series/api/series/?ids=65.1_CGI_0_0_21&limit=5000&format=json,2026-10-03,False
2008,3,0.469,65.1_CGI_0_0_21,"INDEC (EPH continua, total aglomerados urbanos), via API Series de Tiempo de datos.gob.ar",https://apis.datos.gob.ar/series/api/series/?ids=65.1_CGI_0_0_21&limit=5000&format=json,2026-10-03,False
2008,4,0.45,65.1_CGI_0_0_21,"INDEC (EPH continua, total aglomerados urbanos), via API Series de Tiempo de datos.gob.ar",https://apis.datos.gob.ar/series/api/series/?ids=65.1_CGI_0_0_21&limit=5000&format=json,2026-10-03,False
2009,1,0.454,65.1_CGI_0_0_21,"INDEC (EPH continua, total aglomerados urbanos), via API Series de Tiempo de datos.gob.ar",https://apis.datos.gob.ar/series/api/series/?ids=65.1_CGI_0_0_21&limit=5000&format=json,2026-10-03,False
2009,2,0.46,65.1_CGI_0_0_21,"INDEC (EPH continua, total aglomerados urbanos), via API Series de Tiempo de datos.gob.ar",https://apis.datos.gob.ar/series/api/series/?ids=65.1_CGI_0_0_21&limit=5000&format=json,2026-10-03,False
2009,3,0.457,65.1_CGI_0_0_21,"INDEC (EPH continua, total aglomerados urbanos), via API Series de Tiempo de datos.gob.ar",https://apis.datos.gob.ar/series/api/series/?ids=65.1_CGI_0_0_21&limit=5000&format=json,2026-10-03,False
2009,4,0.446,65.1_CGI_0_0_21,"INDEC (EPH continua, total aglomerados urbanos), via API Series de Tiempo de datos.gob.ar",https://apis.datos.gob.ar/series/api/series/?ids=65.1_CGI_0_0_21&limit=5000&format=json,2026-10-03,False
2010,1,0.447,65.1_CGI_0_0_21,"INDEC (EPH continua, total aglomerados urbanos), via API Series de Tiempo de datos.gob.ar",https://apis.datos.gob.ar/series/api/series/?ids=65.1_CGI_0_0_21&limit=5000&format=json,2026-10-03,False
2010,2,0.442,65.1_CGI_0_0_21,"INDEC (EPH continua, total aglomerados urbanos), via API Series de Tiempo de datos.gob.ar",https://apis.datos.gob.ar/series/api/series/?ids=65.1_CGI_0_0_21&limit=5000&format=json,2026-10-03,False
2010,3,0.448,65.1_CGI_0_0_21,"INDEC (EPH continua, total aglomerados urbanos), via API Series de Tiempo de datos.gob.ar",https://apis.datos.gob.ar/series/api/series/?ids=65.1_CGI_0_0_21&limit=5000&format=json,2026-10-03,False
2010,4,0.439,65.1_CGI_0_0_21,"INDEC (EPH continua, total aglomerados urbanos), via API Series de Tiempo de datos.gob.ar",https://apis.datos.gob.ar/series/api/series/?ids=65.1_CGI_0_0_21&limit=5000&format=json,2026-10-03,False
2011,1,0.434,65.1_CGI_0_0_21,"INDEC (EPH continua, total aglomerados urbanos), via API Series de Tiempo de datos.gob.ar",https://apis.datos.gob.ar/series/api/series/?ids=65.1_CGI_0_0_21&limit=5000&format=json,2026-10-03,False
2011,2,0.432,65.1_CGI_0_0_21,"INDEC (EPH continua, total aglomerados urbanos), via API Series de Tiempo de datos.gob.ar",https://apis.datos.gob.ar/series/api/series/?ids=65.1_CGI_0_0_21&limit=5000&format=json,2026-10-03,False
2011,3,0.437,65.1_CGI_0_0_21,"INDEC (EPH continua, total aglomerados urbanos), via API Series de Tiempo de datos.gob.ar",https://apis.datos.gob.ar/series/api/series/?ids=65.1_CGI_0_0_21&limit=5000&format=json,2026-10-03,False
2011,4,0.429,65.1_CGI_0_0_21,"INDEC (EPH continua, total aglomerados urbanos), via API Series de Tiempo de datos.gob.ar",https://apis.datos.gob.ar/series/api/series/?ids=65.1_CGI_0_0_21&limit=5000&format=json,2026-10-03,False
2012,1,0.433,65.1_CGI_0_0_21,"INDEC (EPH continua, total aglomerados urbanos), via API Series de Tiempo de datos.gob.ar",https://apis.datos.gob.ar/series/api/series/?ids=65.1_CGI_0_0_21&limit=5000&format=json,2026-10-03,False
2012,2,0.418,65.1_CGI_0_0_21,"INDEC (EPH continua, total aglomerados urbanos), via API Series de Tiempo de datos.gob.ar",https://apis.datos.gob.ar/series/api/series/?ids=65.1_CGI_0_0_21&limit=5000&format=json,2026-10-03,False
2012,3,0.434,65.1_CGI_0_0_21,"INDEC (EPH continua, total aglomerados urbanos), via API Series de Tiempo de datos.gob.ar",https://apis.datos.gob.ar/series/api/series/?ids=65.1_CGI_0_0_21&limit=5000&format=json,2026-10-03,False
2012,4,0.411,65.1_CGI_0_0_21,"INDEC (EPH continua, total aglomerados urbanos), via API Series de Tiempo de datos.gob.ar",https://apis.datos.gob.ar/series/api/series/?ids=65.1_CGI_0_0_21&limit=5000&format=json,2026-10-03,False
2013,1,0.427,65.1_CGI_0_0_21,"INDEC (EPH continua, total aglomerados urbanos), via API Series de Tiempo de datos.gob.ar",https://apis.datos.gob.ar/series/api/series/?ids=65.1_CGI_0_0_21&limit=5000&format=json,2026-10-03,False
2013,2,0.414,65.1_CGI_0_0_21,"INDEC (EPH continua, total aglomerados urbanos), via API Series de Tiempo de datos.gob.ar",https://apis.datos.gob.ar/series/api/series/?ids=65.1_CGI_0_0_21&limit=5000&format=json,2026-10-03,False
2013,3,0.429,65.1_CGI_0_0_21,"INDEC (EPH continua, total aglomerados urbanos), via API Series de Tiempo de datos.gob.ar",https://apis.datos.gob.ar/series/api/series/?ids=65.1_CGI_0_0_21&limit=5000&format=json,2026-10-03,False
2013,4,0.413,65.1_CGI_0_0_21,"INDEC (EPH continua, total aglomerados urbanos), via API Series de Tiempo de datos.gob.ar",https://apis.datos.gob.ar/series/api/series/?ids=65.1_CGI_0_0_21&limit=5000&format=json,2026-10-03,False
2014,1,0.422,65.1_CGI_0_0_21,"INDEC (EPH continua, total aglomerados urbanos), via API Series de Tiempo de datos.gob.ar",https://apis.datos.gob.ar/series/api/series/?ids=65.1_CGI_0_0_21&limit=5000&format=json,2026-10-03,False
2014,2,0.418,65.1_CGI_0_0_21,"INDEC (EPH continua, total aglomerados urbanos), via API Series de Tiempo de datos.gob.ar",https://apis.datos.gob.ar/series/api/series/?ids=65.1_CGI_0_0_21&limit=5000&format=json,2026-10-03,False
2014,3,0.434,65.1_CGI_0_0_21,"INDEC (EPH continua, total aglomerados urbanos), via API Series de Tiempo de datos.gob.ar",https://apis.datos.gob.ar/series/api/series/?ids=65.1_CGI_0_0_21&limit=5000&format=json,2026-10-03,False
2014,4,0.419,65.1_CGI_0_0_21,"INDEC (EPH continua, total aglomerados urbanos), via API Series de Tiempo de datos.gob.ar",https://apis.datos.gob.ar/series/api/series/?ids=65.1_CGI_0_0_21&limit=5000&format=json,2026-10-03,False
2015,1,0.42,65.1_CGI_0_0_21,"INDEC (EPH continua, total aglomerados urbanos), via API Series de Tiempo de datos.gob.ar",https://apis.datos.gob.ar/series/api/series/?ids=65.1_CGI_0_0_21&limit=5000&format=json,2026-10-03,False
2015,2,0.41,65.1_CGI_0_0_21,"INDEC (EPH continua, total aglomerados urbanos), via API Series de Tiempo de datos.gob.ar",https://apis.datos.gob.ar/series/api/series/?ids=65.1_CGI_0_0_21&limit=5000&format=json,2026-10-03,False
2016,2,0.427,65.1_CGI_0_0_21,"INDEC (EPH continua, total aglomerados urbanos), via API Series de Tiempo de datos.gob.ar",https://apis.datos.gob.ar/series/api/series/?ids=65.1_CGI_0_0_21&limit=5000&format=json,2026-10-03,False
2016,3,0.451,65.1_CGI_0_0_21,"INDEC (EPH continua, total aglomerados urbanos), via API Series de Tiempo de datos.gob.ar",https://apis.datos.gob.ar/series/api/series/?ids=65.1_CGI_0_0_21&limit=5000&format=json,2026-10-03,False
2016,4,0.428,65.1_CGI_0_0_21,"INDEC (EPH continua, total aglomerados urbanos), via API Series de Tiempo de datos.gob.ar",https://apis.datos.gob.ar/series/api/series/?ids=65.1_CGI_0_0_21&limit=5000&format=json,2026-10-03,False
2017,1,0.437,65.1_CGI_0_0_21,"INDEC (EPH continua, total aglomerados urbanos), via API Series de Tiempo de datos.gob.ar",https://apis.datos.gob.ar/series/api/series/?ids=65.1_CGI_0_0_21&limit=5000&format=json,2026-10-03,False
2017,2,0.428,65.1_CGI_0_0_21,"INDEC (EPH continua, total aglomerados urbanos), via API Series de Tiempo de datos.gob.ar",https://apis.datos.gob.ar/series/api/series/?ids=65.1_CGI_0_0_21&limit=5000&format=json,2026-10-03,False
2017,3,0.427,65.1_CGI_0_0_21,"INDEC (EPH continua, total aglomerados urbanos), via API Series de Tiempo de datos.gob.ar",https://apis.datos.gob.ar/series/api/series/?ids=65.1_CGI_0_0_21&limit=5000&format=json,2026-10-03,False
2017,4,0.417,65.1_CGI_0_0_21,"INDEC (EPH continua, total aglomerados urbanos), via API Series de Tiempo de datos.gob.ar",https://apis.datos.gob.ar/series/api/series/?ids=65.1_CGI_0_0_21&limit=5000&format=json,2026-10-03,False
2018,1,0.44,65.1_CGI_0_0_21,"INDEC (EPH continua, total aglomerados urbanos), via API Series de Tiempo de datos.gob.ar",https://apis.datos.gob.ar/series/api/series/?ids=65.1_CGI_0_0_21&limit=5000&format=json,2026-10-03,False
2018,2,0.422,65.1_CGI_0_0_21,"INDEC (EPH continua, total aglomerados urbanos), via API Series de Tiempo de datos.gob.ar",https://apis.datos.gob.ar/series/api/series/?ids=65.1_CGI_0_0_21&limit=5000&format=json,2026-10-03,True
2018,3,0.424,65.1_CGI_0_0_21,"INDEC (EPH continua, total aglomerados urbanos), via API Series de Tiempo de datos.gob.ar",https://apis.datos.gob.ar/series/api/series/?ids=65.1_CGI_0_0_21&limit=5000&format=json,2026-10-03,False
2018,4,0.434,65.1_CGI_0_0_21,"INDEC (EPH continua, total aglomerados urbanos), via API Series de Tiempo de datos.gob.ar",https://apis.datos.gob.ar/series/api/series/?ids=65.1_CGI_0_0_21&limit=5000&format=json,2026-10-03,False
2019,1,0.447,65.1_CGI_0_0_21,"INDEC (EPH continua, total aglomerados urbanos), via API Series de Tiempo de datos.gob.ar",https://apis.datos.gob.ar/series/api/series/?ids=65.1_CGI_0_0_21&limit=5000&format=json,2026-10-03,False
2019,2,0.434,65.1_CGI_0_0_21,"INDEC (EPH continua, total aglomerados urbanos), via API Series de Tiempo de datos.gob.ar",https://apis.datos.gob.ar/series/api/series/?ids=65.1_CGI_0_0_21&limit=5000&format=json,2026-10-03,False
2019,3,0.449,65.1_CGI_0_0_21,"INDEC (EPH continua, total aglomerados urbanos), via API Series de Tiempo de datos.gob.ar",https://apis.datos.gob.ar/series/api/series/?ids=65.1_CGI_0_0_21&limit=5000&format=json,2026-10-03,False
2019,4,0.439,65.1_CGI_0_0_21,"INDEC (EPH continua, total aglomerados urbanos), via API Series de Tiempo de datos.gob.ar",https://apis.datos.gob.ar/series/api/series/?ids=65.1_CGI_0_0_21&limit=5000&format=json,2026-10-03,True
2020,1,0.444,65.1_CGI_0_0_21,"INDEC (EPH continua, total aglomerados urbanos), via API Series de Tiempo de datos.gob.ar",https://apis.datos.gob.ar/series/api/series/?ids=65.1_CGI_0_0_21&limit=5000&format=json,2026-10-03,True
2020,2,0.451,65.1_CGI_0_0_21,"INDEC (EPH continua, total aglomerados urbanos), via API Series de Tiempo de datos.gob.ar",https://apis.datos.gob.ar/series/api/series/?ids=65.1_CGI_0_0_21&limit=5000&format=json,2026-10-03,False
2020,3,0.443,65.1_CGI_0_0_21,"INDEC (EPH continua, total aglomerados urbanos), via API Series de Tiempo de datos.gob.ar",https://apis.datos.gob.ar/series/api/series/?ids=65.1_CGI_0_0_21&limit=5000&format=json,2026-10-03,False
2020,4,0.435,65.1_CGI_0_0_21,"INDEC (EPH continua, total aglomerados urbanos), via API Series de Tiempo de datos.gob.ar",https://apis.datos.gob.ar/series/api/series/?ids=65.1_CGI_0_0_21&limit=5000&format=json,2026-10-03,True
2021,1,0.445,65.1_CGI_0_0_21,"INDEC (EPH continua, total aglomerados urbanos), via API Series de Tiempo de datos.gob.ar",https://apis.datos.gob.ar/series/api/series/?ids=65.1_CGI_0_0_21&limit=5000&format=json,2026-10-03,False
2021,2,0.434,65.1_CGI_0_0_21,"INDEC (EPH continua, total aglomerados urbanos), via API Series de Tiempo de datos.gob.ar",https://apis.datos.gob.ar/series/api/series/?ids=65.1_CGI_0_0_21&limit=5000&format=json,2026-10-03,False
2021,3,0.441,65.1_CGI_0_0_21,"INDEC (EPH continua, total aglomerados urbanos), via API Series de Tiempo de datos.gob.ar",https://apis.datos.gob.ar/series/api/series/?ids=65.1_CGI_0_0_21&limit=5000&format=json,2026-10-03,False
2021,4,0.413,65.1_CGI_0_0_21,"INDEC (EPH continua, total aglomerados urbanos), via API Series de Tiempo de datos.gob.ar",https://apis.datos.gob.ar/series/api/series/?ids=65.1_CGI_0_0_21&limit=5000&format=json,2026-10-03,False
2022,1,0.43,65.1_CGI_0_0_21,"INDEC (EPH continua, total aglomerados urbanos), via API Series de Tiempo de datos.gob.ar",https://apis.datos.gob.ar/series/api/series/?ids=65.1_CGI_0_0_21&limit=5000&format=json,2026-10-03,False
2022,2,0.414,65.1_CGI_0_0_21,"INDEC (EPH continua, total aglomerados urbanos), via API Series de Tiempo de datos.gob.ar",https://apis.datos.gob.ar/series/api/series/?ids=65.1_CGI_0_0_21&limit=5000&format=json,2026-10-03,True
2022,3,0.424,65.1_CGI_0_0_21,"INDEC (EPH continua, total aglomerados urbanos), via API Series de Tiempo de datos.gob.ar",https://apis.datos.gob.ar/series/api/series/?ids=65.1_CGI_0_0_21&limit=5000&format=json,2026-10-03,True
2022,4,0.413,65.1_CGI_0_0_21,"INDEC (EPH continua, total aglomerados urbanos), via API Series de Tiempo de datos.gob.ar",https://apis.datos.gob.ar/series/api/series/?ids=65.1_CGI_0_0_21&limit=5000&format=json,2026-10-03,True
2023,1,0.446,65.1_CGI_0_0_21,"INDEC (EPH continua, total aglomerados urbanos), via API Series de Tiempo de datos.gob.ar",https://apis.datos.gob.ar/series/api/series/?ids=65.1_CGI_0_0_21&limit=5000&format=json,2026-10-03,True
2023,2,0.417,65.1_CGI_0_0_21,"INDEC (EPH continua, total aglomerados urbanos), via API Series de Tiempo de datos.gob.ar",https://apis.datos.gob.ar/series/api/series/?ids=65.1_CGI_0_0_21&limit=5000&format=json,2026-10-03,True
2023,3,0.434,65.1_CGI_0_0_21,"INDEC (EPH continua, total aglomerados urbanos), via API Series de Tiempo de datos.gob.ar",https://apis.datos.gob.ar/series/api/series/?ids=65.1_CGI_0_0_21&limit=5000&format=json,2026-10-03,True
2023,4,0.435,65.1_CGI_0_0_21,"INDEC (EPH continua, total aglomerados urbanos), via API Series de Tiempo de datos.gob.ar",https://apis.datos.gob.ar/series/api/series/?ids=65.1_CGI_0_0_21&limit=5000&format=json,2026-10-03,True
2024,1,0.467,65.1_CGI_0_0_21,"INDEC (EPH continua, total aglomerados urbanos), via API Series de Tiempo de datos.gob.ar",https://apis.datos.gob.ar/series/api/series/?ids=65.1_CGI_0_0_21&limit=5000&format=json,2026-10-03,True
2024,2,0.436,65.1_CGI_0_0_21,"INDEC (EPH continua, total aglomerados urbanos), via API Series de Tiempo de datos.gob.ar",https://apis.datos.gob.ar/series/api/series/?ids=65.1_CGI_0_0_21&limit=5000&format=json,2026-10-03,True
2024,3,0.435,65.1_CGI_0_0_21,"INDEC (EPH continua, total aglomerados urbanos), via API Series de Tiempo de datos.gob.ar",https://apis.datos.gob.ar/series/api/series/?ids=65.1_CGI_0_0_21&limit=5000&format=json,2026-10-03,True
2024,4,0.43,65.1_CGI_0_0_21,"INDEC (EPH continua, total aglomerados urbanos), via API Series de Tiempo de datos.gob.ar",https://apis.datos.gob.ar/series/api/series/?ids=65.1_CGI_0_0_21&limit=5000&format=json,2026-10-03,True
2025,1,0.435,65.1_CGI_0_0_21,"INDEC (EPH continua, total aglomerados urbanos), via API Series de Tiempo de datos.gob.ar",https://apis.datos.gob.ar/series/api/series/?ids=65.1_CGI_0_0_21&limit=5000&format=json,2026-10-03,True
2025,2,0.424,65.1_CGI_0_0_21,"INDEC (EPH continua, total aglomerados urbanos), via API Series de Tiempo de datos.gob.ar",https://apis.datos.gob.ar/series/api/series/?ids=65.1_CGI_0_0_21&limit=5000&format=json,2026-10-03,True
2025,3,0.431,65.1_CGI_0_0_21,"INDEC (EPH continua, total aglomerados urbanos), via API Series de Tiempo de datos.gob.ar",https://apis.datos.gob.ar/series/api/series/?ids=65.1_CGI_0_0_21&limit=5000&format=json,2026-10-03,True
2025,4,0.427,65.1_CGI_0_0_21,"INDEC (EPH continua, total aglomerados urbanos), via API Series de Tiempo de datos.gob.ar",https://apis.datos.gob.ar/series/api/series/?ids=65.1_CGI_0_0_21&limit=5000&format=json,2026-10-03,True
2026,1,0.442,65.1_CGI_0_0_21,"INDEC (EPH continua, total aglomerados urbanos), via API Series de Tiempo de datos.gob.ar",https://apis.datos.gob.ar/series/api/series/?ids=65.1_CGI_0_0_21&limit=5000&format=json,2026-10-03,True
