semestre,ANO4,SEMESTRE,semestre_movil,indig_est1,indig_est2,indig_est3,indig_serie_comparable,indig_sin_correccion_nr,pob_est1,pob_est2,pob_est3,pob_serie_comparable,pob_sin_correccion_nr
2003-II,2003,2,False,21.8,21.8,20.6,21.1,24.3,57.6,57.6,56.7,58.2,61.2
2004-I,2004,1,False,20.1,20.1,19.0,19.5,22.5,56.4,56.4,55.3,56.8,59.8
2004-II,2004,2,False,17.2,17.2,16.4,16.9,19.4,51.7,51.7,50.8,52.3,55.4
2005-I,2005,1,False,15.2,15.2,14.5,15.0,17.0,50.1,50.1,49.4,50.9,53.6
2005-II,2005,2,False,13.4,13.4,12.9,13.4,15.1,45.8,45.8,45.0,46.5,48.5
2006-I,2006,1,False,12.3,12.3,11.7,12.1,13.4,42.6,42.6,41.9,43.4,45.4
2006-II,2006,2,False,9.8,9.8,9.6,10.1,11.0,38.6,38.6,38.0,39.5,41.4
2007-I,2007,1,False,9.0,9.0,8.6,9.0,10.1,36.6,36.6,36.0,37.6,39.6
2007-II,2007,2,True,8.5,8.5,8.2,8.7,9.6,36.1,36.1,35.6,37.2,39.7
2008-I,2008,1,False,8.4,8.4,8.1,8.6,9.5,35.0,35.0,34.2,35.7,38.0
2008-II,2008,2,False,7.7,7.7,7.4,7.9,9.0,34.7,34.7,33.8,35.4,37.9
2009-I,2009,1,False,7.6,7.6,7.1,7.6,9.1,33.6,33.6,32.9,34.4,37.3
2009-II,2009,2,False,7.7,7.7,7.4,7.9,8.8,32.2,32.2,31.4,33.0,35.6
2010-I,2010,1,False,7.5,7.5,7.2,7.7,9.0,31.8,31.8,31.1,32.6,35.5
2010-II,2010,2,False,7.2,7.2,6.9,7.4,8.8,30.9,30.9,30.4,31.9,34.8
2011-I,2011,1,False,6.7,6.7,6.4,6.9,8.3,28.8,28.8,27.9,29.4,32.6
2011-II,2011,2,False,6.0,6.0,5.5,5.9,7.3,26.9,26.9,26.5,28.0,31.0
2012-I,2012,1,False,6.3,6.3,5.9,6.4,7.6,27.0,27.0,26.5,28.0,30.4
2012-II,2012,2,False,6.1,6.1,5.6,6.1,7.3,26.9,26.9,26.1,27.6,30.7
2013-I,2013,1,False,5.6,5.6,5.1,5.5,6.8,26.9,26.9,25.9,27.5,30.2
2013-II,2013,2,False,6.0,6.0,5.7,6.2,7.3,26.7,26.5,25.9,27.4,30.2
2014-I,2014,1,False,6.7,6.6,6.1,6.5,7.8,30.0,29.3,28.5,30.1,33.2
2014-II,2014,2,False,6.8,6.6,6.1,6.6,7.7,32.1,31.2,30.8,32.4,34.9
2015-I,2015,1,False,5.9,5.7,5.5,5.9,6.8,29.8,29.0,28.6,30.1,33.1
2016-I,2016,1,True,6.4,6.4,5.7,6.4,7.1,31.4,31.4,29.8,31.4,33.5
2016-II,2016,2,False,6.1,6.1,5.4,6.1,7.0,30.3,30.3,28.0,30.3,32.2
2017-I,2017,1,False,6.2,6.2,5.9,6.2,7.1,28.6,28.6,27.2,28.6,30.7
