periodo,SEMESTRE,ANO4,pobreza_hogares,indigencia_hogares,pobreza_personas,indigencia_personas,nota
1S2003,1.0,2003,42.7,20.4,54.0,27.7,excluye Gran Santa Fe (inundaciones)
2S2003,2.0,2003,36.5,15.1,47.8,20.5,
1S2004,1.0,2004,33.5,12.1,44.3,17.0,
2S2004,2.0,2004,29.8,10.7,40.2,15.0,
1S2005,1.0,2005,28.8,9.7,38.9,13.8,
2S2005,2.0,2005,24.7,8.4,33.8,12.2,
1S2006,1.0,2006,23.1,8.0,31.4,11.2,
2S2006,2.0,2006,19.2,6.3,26.9,8.7,a partir de este semestre los aglomerados pasan a ser 31 (D1/D7)
1S2007,1.0,2007,16.3,5.7,23.4,8.2,
4T2007_1T2008,,2007,14.0,4.4,20.6,5.9,semestre movil: reemplaza 2S2007 (no relevados GBA/Mar del Plata/Bahia Blanca/Gran La Plata en 3T2007)
1S2008,1.0,2008,11.9,3.8,17.8,5.1,
2S2008,2.0,2008,10.1,3.3,15.3,4.4,
1S2009,1.0,2009,9.4,3.1,13.9,4.0,
2S2009,2.0,2009,9.0,3.0,13.2,3.5,
1S2010,1.0,2010,8.1,2.7,12.0,3.1,
2S2010,2.0,2010,6.8,2.1,9.9,2.5,
1S2011,1.0,2011,5.7,2.2,8.3,2.4,
2S2011,2.0,2011,4.8,1.8,6.5,1.7,
1S2012,1.0,2012,4.8,1.8,6.5,1.7,
2S2012,2.0,2012,4.0,1.5,5.4,1.5,
